sentiment,score,confidence,event_type,reason,date,title,keyword
neutral,0.0,0.1,other,"The article describes a domestic legal policy change in Hong Kong with no direct, clear linkage to crude oil supply, demand, or relevant geopolitics.",2026-03-24,Hong Kong grants police power to demand phone and computer passwords,rss_realtime
bullish,0.4,0.7,geopolitics,"Continued hostilities and strikes in the region sustain a tangible risk of supply disruptions, providing underlying support for oil prices.",2026-03-24,US move to postpone strikes on Iran’s energy sites means no end to hostilities — newspaper,rss_realtime
neutral,0.0,0.2,other,"The news describes a domestic immigration enforcement action with no direct, established link to crude oil supply, demand, or pricing fundamentals.",2026-03-24,Trump administration deploys ICE agents at airports across US,rss_realtime
bullish,0.4,0.6,geopolitics,"The article highlights ongoing regional conflict and contradictory statements about diplomacy, creating uncertainty that typically supports oil prices due to potential supply disruption risks.",2026-03-24,US-Israel war on Iran: What’s happening on day 25 of attacks?,rss_realtime
neutral,0.0,0.2,geopolitics,"The article describes a political event with minimal direct connection to current crude oil supply, demand, or infrastructure.",2026-03-24,Voting under way in Denmark’s elections clouded by Trump’s Greenland threat,rss_realtime
bullish,0.3,0.6,geopolitics,"A de-escalation of US-Iran tensions reduces the immediate risk of supply disruptions, putting downward pressure on prices, but the inherent volatility of the situation limits the bearish impact.",2026-03-24,Where do reported US-Iran ‘negotiations’ leave Israel?,rss_realtime
bearish,-0.3,0.6,geopolitics,A call for de-escalation and diplomacy with Iran could reduce the geopolitical risk premium currently factored into oil prices.,2026-03-24,Top EU official calls for negotiations with Iran and an end to war,rss_realtime
bullish,0.4,0.7,geopolitics,"An attack on Iran-aligned forces in Iraq raises the risk of regional supply disruptions, typically supporting higher oil prices.",2026-03-24,Deadly air attack hits pro-Iran Popular Mobilisation Forces in Iraq,rss_realtime
bullish,0.3,0.6,geopolitics,"Arrests for spying in Iran suggest heightened regional tensions, which typically introduce a risk premium to oil prices due to potential supply disruptions.",2026-03-24,"Iran police arrest three for 'spying on sensitive sites', local media reports",rss_realtime
bullish,0.6,0.7,geopolitics,"The article discusses escalating conflict between Israel and Iran, which raises the risk of supply disruptions in a key oil-producing region.",2026-03-24,Opinion: War on Iran: How Israel is demolishing the myth that once shielded it,rss_realtime
bullish,0.3,0.6,geopolitics,Public criticism from a key US ally like Germany highlights significant geopolitical tensions that could threaten Middle Eastern oil supply stability.,2026-03-24,"German president calls Iran war a disastrous mistake, in rare rebuke of Trump",rss_realtime
neutral,0.0,0.3,geopolitics,"The article's mention of geopolitical discussions and a hazy Middle East outlook introduces uncertainty but lacks direct, immediate implications for oil supply or demand.",2026-03-24,Press review: Russia ready for arms control reset with US and Mideast war's outlook hazy,rss_realtime
bullish,0.4,0.7,geopolitics,"The news indicates a de-escalation of immediate conflict (postponed attacks), which typically reduces geopolitical risk premium, but the preceding surge in trading activity suggests the market was positioned for a more bullish, supply-disruptive event.",2026-03-24,Oil traders bet millions minutes before Trump's Iran talks post,rss_realtime
bullish,0.3,0.6,geopolitics,The escalation of drone strikes in a key conflict region increases geopolitical risk premium for oil by threatening supply stability.,2026-03-24,Russian drones fly up to 60 km behind Ukrainian defense lines near Kramatorsk — expert,rss_realtime
neutral,0.0,0.7,other,The discussion of long-term nuclear energy infrastructure projects does not directly impact near-term crude oil supply or demand.,2026-03-24,Russian and Uzbek leaders discuss start of concrete work at NPP in Uzbekistan — Kremlin,rss_realtime
bullish,0.4,0.6,geopolitics,"Statements suggesting nuclear facilities are targets raise geopolitical risk premiums for oil, though the direct supply impact is unclear.",2026-03-24,Blow to non-proliferation regime and IAEA acknowledgement: Russian diplomat’s statements,rss_realtime
bullish,0.4,0.6,geopolitics,"Lavrov's rhetoric heightens geopolitical risk perceptions, which typically support oil prices due to potential supply disruption fears.",2026-03-24,Today's global conflicts make it look like WWIII has started already: Lavrov’s remarks,rss_realtime
bullish,0.4,0.6,geopolitics,Escalating nuclear rhetoric from a major oil producer like Russia increases geopolitical risk premium in oil markets.,2026-03-24,US destroys nuclear non-proliferation regime it helped found — Russian envoy,rss_realtime
bullish,0.4,0.6,geopolitics,"The article highlights escalating geopolitical tensions in a key oil-producing region, which typically creates a risk premium for crude oil prices due to potential supply disruptions.",2026-03-24,Non-proliferation regime may be breached due to US-Israeli attacks on Iran — diplomat,rss_realtime
bullish,0.7,0.85,geopolitics,"A direct Iranian attack on Tel Aviv represents a significant escalation in Middle East tensions, creating a substantial risk premium for crude oil due to potential supply disruptions.",2026-03-24,Drone footage shows aftermath of Iranian missile attack in Tel Aviv,rss_realtime
bullish,0.3,0.6,geopolitics,"Potential easing of sanctions on Iran could increase its crude oil supply to the market, exerting downward pressure on prices, but the sentiment is mildly bullish due to the uncertainty and diplomatic nature of the report.",2026-03-24,Iran wants US to provide it with solid peace guarantees — newspaper,rss_realtime
bullish,0.7,0.8,geopolitics,"Prices rose as market optimism faded regarding a de-escalation of the Iran conflict, reintroducing a geopolitical risk premium.",2026-03-24,Oil rises with Brent climbing back above $100 as optimism fades over Iran war de-escalation,rss_realtime
bullish,0.6,0.7,policy,"The cancellation of wind projects and emphasis on LNG development, amid global supply disruptions, signals a policy shift likely to support longer-term fossil fuel demand and pricing.",2026-03-24,White House to pay TotalEnergies $1 billion to kill off East Coast wind farm projects,rss_realtime
bullish,0.4,0.7,supply,"The article describes a major supply disruption from the Iran war, which is a bullish price driver, though the UK's long-term demand-reduction policy slightly tempers the immediate impact.",2026-03-24,Britain responds to Iran war energy shock by requiring solar panels and heat pumps in all new homes,rss_realtime
neutral,0.0,0.1,other,"The article discusses U.S. domestic political campaigning and a specific company's reputation, with no direct information pertaining to crude oil supply, demand, or relevant market factors.",2026-03-24,Palantir turns poisonous on the campaign trail,rss_realtime
neutral,0.0,0.1,other,"The article is a political news story with no direct relevance to crude oil supply, demand, or market fundamentals.",2026-03-24,"Trump criticizes mail-in voting, but uses it himself — newspaper",rss_realtime
bullish,0.6,0.8,geopolitics,"Strikes in Isfahan, a key Iranian region with nuclear and military infrastructure, raise immediate risks of supply disruption and broader regional conflict.",2026-03-24,Israeli military says it completed large wave of strikes in Isfahan,rss_realtime
bearish,-0.3,0.7,geopolitics,"The absence of active mediation reduces the near-term likelihood of a US-Iran deal that would bring more Iranian oil to the market, but the lack of escalation is only mildly bearish.",2026-03-24,"No current direct Qatari mediation between US and Iran, Qatari official says",rss_realtime
neutral,0.0,0.1,other,The article is about cybersecurity stock performance and has no direct relevance to crude oil market fundamentals.,2026-03-24,Palo Alto (PANW) Buy Rating Backed by Strong Cybersecurity Demand,rss_realtime
bullish,0.3,0.6,geopolitics,"The attack on Kurdish fighters in Iraq introduces new geopolitical tension in a major oil-producing region, creating a risk premium for crude prices.",2026-03-24,Iraqi Kurdistan president slams attack on Kurdish fighters in Iraq as ‘direct aggression’,rss_realtime
bearish,-0.6,0.7,geopolitics,"The news of potential U.S.-Iran negotiations reduces the geopolitical risk premium priced into oil, triggering a selloff.",2026-03-24,Trump’s Iran Pause Triggers Oil Selloff and a Safe-Haven Reset,rss_realtime
neutral,0.0,0.3,geopolitics,"The article hints at a potential future supply chain issue for military hardware, but its direct and immediate impact on crude oil supply, demand, or prices is unclear and speculative.",2026-03-24,Chinese Publication Claims U.S. Has Two Months of Rare Earths Left,rss_realtime
bullish,0.7,0.8,geopolitics,"The denial of U.S.-Iran talks removes a potential bearish factor for supply and refocuses market attention on geopolitical supply risks, driving prices sharply higher.",2026-03-24,Oil Prices Spike as Iran Denies U.S. Talks and Traders Refocus on Supply Risk,rss_realtime
bearish,-0.6,0.8,supply,"The release of strategic and private oil stockpiles increases immediate supply to the market, putting downward pressure on prices.",2026-03-24,Japan Moves to Release Oil Stockpiles as Energy Crisis Deepens,rss_realtime
bullish,0.3,0.7,geopolitics,"The passage of a tanker through the Strait of Hormuz suggests a potential easing of a major supply chokepoint disruption, which is a positive development for market stability.",2026-03-24,Tanker Carrying Iraqi Oil Crosses Hormuz,rss_realtime
bearish,-0.4,0.7,demand,"The article suggests the conflict is accelerating a shift towards renewable energy, potentially reducing long-term oil demand despite immediate supply disruption risks.",2026-03-24,China’s Green Energy Stocks Surge as Middle East War Upends Oil Markets,rss_realtime
bullish,0.6,0.8,supply,"The unplanned shutdown of a major refinery reduces fuel supply, tightening product markets which typically supports crude oil prices due to reduced processing demand.",2026-03-24,Valero Shuts Major Refinery After Explosion as Fuel Markets Tighten,rss_realtime
bearish,-0.4,0.7,supply,"Reluctance from a major importer like India to resume buying Iranian oil suggests weaker-than-expected supply returning to the market, putting downward pressure on prices.",2026-03-24,Indian Refiners Cautious Over Iranian Oil Despite U.S. Waivers,rss_realtime
neutral,0.0,0.1,other,"The article discusses corporate performance in the tech sector, which has no direct bearing on crude oil fundamentals.",2026-03-24,Cisco (CSCO) Rated Buy on Strong AI and Data Center Demand,rss_realtime
bullish,0.7,0.8,geopolitics,"Iran's denial of talks with the US removes a potential source of increased supply, while growing general supply fears create upward pressure on oil prices.",2026-03-24,"Oil prices rise as Iran denies US talks, supply fears grow",rss_realtime
bullish,0.7,0.8,geopolitics,"Direct military strikes by Iran on Tel Aviv represent a significant escalation in Middle East tensions, threatening regional oil supply routes and production stability.",2026-03-24,In photos: Aftermath of Iranian strikes in Tel Aviv,rss_realtime
neutral,0.0,0.1,other,"The article discusses a technology company's stock performance related to AI, which has no direct, material impact on crude oil supply, demand, or pricing fundamentals.",2026-03-24,Palantir Stock Surges as AI Demand Accelerates Growth,rss_realtime
neutral,0.0,0.2,other,"The news is about a semiconductor company's earnings driven by AI demand, which has no direct, material impact on crude oil fundamentals.",2026-03-24,Marvell (MRVL) Earnings Beat Driven by Strong AI Data Center Demand,rss_realtime
bullish,0.3,0.6,demand,"Strong travel earnings from a major platform indicate robust consumer demand for transportation fuels, which is supportive for crude oil.",2026-03-24,"Trip.com (TCOM) Earnings Beat Expectations on Strong Travel Demand, Barclays Maintains Overweight",rss_realtime
bearish,-0.4,0.7,macro,"Tighter credit conditions and higher borrowing costs, driven by geopolitical risk and AI sector financing, are likely to dampen economic activity and oil demand.",2026-03-24,Fed rate hikes may be up for debate — but credit conditions are already tighter,rss_realtime
bullish,0.7,0.9,geopolitics,"A direct military attack by Iran on Israel significantly escalates Middle East tensions, creating a substantial risk premium for crude oil due to potential supply disruptions in a key producing region.",2026-03-24,Iran launches waves of missiles towards Israel,rss_realtime
neutral,0.0,0.6,geopolitics,"The article describes infrastructure damage and geopolitical tension, but Iran's claim of quick restoration suggests minimal, contained disruption to oil supply or regional stability.",2026-03-24,Iran says 'decentralised' electricity grid can be quickly restored after strikes,rss_realtime
bullish,0.4,0.7,geopolitics,"An attack on a major Iraqi security force raises the risk of regional supply disruptions, supporting oil prices.",2026-03-24,Death toll from strikes on Iraq's Popular Mobilisation Forces reaches 15,rss_realtime
bullish,0.3,0.6,geopolitics,"An attack on Kurdish forces in Iraq introduces a localized risk of supply disruption in a key oil-producing region, but the limited scale suggests a muted price impact.",2026-03-24,"Rocket attack kills six Kurdish Peshmerga fighters in Iraq's Kurdistan, sources say",rss_realtime
bullish,0.6,0.7,geopolitics,"Direct military strikes in the Middle East, particularly involving major oil producer Iran, create immediate supply disruption risks and a geopolitical risk premium for crude oil.",2026-03-24,"Despite Trump’s peace talk claims, US-Israeli attacks continue to hit Iran",rss_realtime
bullish,0.3,0.6,geopolitics,"The reported unlikelihood of a new US-Iran deal reduces the near-term probability of a significant increase in Iranian oil exports, supporting prices.",2026-03-24,"Trump wants a deal with Iran but success of talks unlikely, Israeli officials say",rss_realtime
neutral,0.0,0.4,geopolitics,"Contradictory signals from a key geopolitical actor create uncertainty, balancing potential supply disruption risks with de-escalation hopes.",2026-03-24,Trump’s Armageddon-Taco shuffle,rss_realtime
neutral,0.0,0.2,other,"The article discusses Russian agricultural exports, which are not directly related to the crude oil market.",2026-03-24,"Russia maintains leading positions in wheat, fish, sunflower oil trade",rss_realtime
neutral,0.0,0.3,macro,"The transaction is a routine central bank foreign exchange operation with no direct, material impact on crude oil supply, demand, or key geopolitical factors.",2026-03-24,Bank of Russia sells yuan worth $56 mln with settlements on March 23,rss_realtime
bullish,0.4,0.6,geopolitics,"The headline price move above $100 is bullish, but the sentiment is tempered by conflicting reports and recent price volatility from geopolitical uncertainty.",2026-03-24,Oil back above $100 a barrel as conflicting claims emerge on US-Iran talks,rss_realtime
bullish,0.3,0.6,geopolitics,"The article highlights escalating geopolitical tensions in the Middle East involving Iran, the US, and Israel, which could threaten regional oil supply stability.",2026-03-24,Iran questions Africa's silence as US-Israeli war grinds on,rss_realtime
neutral,-0.1,0.4,geopolitics,"The article suggests potential geopolitical friction in a key oil-producing region, which could introduce a mild risk premium, but the impact on crude supply is indirect and speculative.",2026-03-24,US undermines allied relations with Gulf nations over Iran — expert,rss_realtime
bullish,0.6,0.7,geopolitics,"Escalating regional tensions involving major oil producers threaten potential supply disruptions, creating a geopolitical risk premium for crude oil.",2026-03-24,"Saudi Arabia, UAE may join conflict against Iran — newspaper",rss_realtime
neutral,0.0,0.2,geopolitics,"The report describes a specific military incident with human cost but does not directly mention oil infrastructure, supply routes, or policy changes that would immediately impact crude markets.",2026-03-24,"Ukrainian strikes affect over 130 Russians, including 10 children in past week — diplomat",rss_realtime
bullish,0.4,0.7,geopolitics,"Prices rebounding above a key level after a sharp drop, driven by market focus on escalating geopolitical risks in Iran, suggests a short-term bullish sentiment.",2026-03-24,Brent oil prices claw back losses to top $100 again after hours,rss_realtime
bullish,0.7,0.8,geopolitics,The potential for major Middle Eastern producers to be drawn into a regional conflict directly threatens crude oil supply and creates a significant geopolitical risk premium.,2026-03-24,Oil rises as Saudi Arabia and UAE reportedly weigh joining Iran war,rss_realtime
neutral,0.0,0.1,other,"The launch of Russian communication satellites has no direct, clear, or immediate impact on crude oil supply, demand, or related fundamentals.",2026-03-24,Russia puts 16 Rassvet constellation satellites into low orbit,rss_realtime
bullish,0.3,0.6,geopolitics,"The report of potential US-Iran talks, with Israel notably absent, introduces uncertainty that could ease regional tensions and potentially increase oil supply, but the unconfirmed and early-stage nature limits the immediate bearish impact.",2026-03-24,Israel not participating in potential US-Iran talks — news outlet,rss_realtime
bullish,0.8,0.9,geopolitics,"Direct military strikes on Iranian assets significantly raise the risk of supply disruptions in the critical Strait of Hormuz, creating a geopolitical risk premium for oil prices.",2026-03-24,"US strikes over 9,000 targets in Iran — Pentagon",rss_realtime
bullish,0.3,0.6,geopolitics,The threat of escalating conflict in a major oil-producing region introduces a risk premium for potential supply disruptions.,2026-03-24,Russian envoy warns of 'saddest consequences' for those implicated in Bryansk attack,rss_realtime
neutral,0.0,0.6,geopolitics,"The statement is a conditional, post-conflict proposal aimed at stabilizing a key oil transit chokepoint, which is inherently price-supportive, but its speculative and forward-looking nature limits immediate market impact.",2026-03-24,EU could deploy mission to Hormuz Strait after hostilities end — EC president,rss_realtime
neutral,0.0,0.95,other,"The article describes a routine space station resupply mission with no direct or indirect relevance to crude oil supply, demand, or market fundamentals.",2026-03-24,Progress MS-33 freighter with 2.5 metric tons of cargo to dock with ISS,rss_realtime
bullish,0.7,0.85,geopolitics,"A direct attack on critical energy infrastructure in a major producing region raises immediate supply disruption risks and escalates Middle East tensions, which typically support higher oil prices.",2026-03-24,"Israel, US strike gas pipeline, distribution station in Iran",rss_realtime
neutral,0.0,0.6,geopolitics,"The offer to host talks is a potential de-escalatory signal for a key oil-producing region, but it is only a preliminary diplomatic gesture with no guarantee of talks or outcomes.",2026-03-24,Pakistan ready to host US-Iran talks — diplomat,rss_realtime
neutral,0.0,0.1,other,The article discusses domestic US political commentary with no direct link to oil market fundamentals.,2026-03-24,"Republican election failure won't make Trump a 'lame duck,' says former Bush adviser",rss_realtime
bullish,0.3,0.5,geopolitics,The reported Iranian drone activity in the Gulf region introduces a minor geopolitical risk premium due to potential threats to regional infrastructure and stability.,2026-03-24,Iranian drones disrupt work of Amazon data centers in Bahrain — company,rss_realtime
bullish,0.7,0.8,geopolitics,An alleged Iranian attack on a facility in Bahrain raises immediate geopolitical risk premiums for oil by threatening regional supply security.,2026-03-24,Bahrain says fire broke out at facility due to ‘criminal Iranian aggression’,rss_realtime
neutral,0.0,0.3,geopolitics,"The article reports on political rhetoric blaming EU policy for an energy crisis, but offers no new information on actual supply disruptions or demand changes.",2026-03-24,"EU energy crisis of its own making, Russia snub to blame — Dmitriev",rss_realtime
bullish,0.4,0.7,geopolitics,"The escalation of drone attacks on Russian territory increases geopolitical risk and the potential for supply disruptions, which typically supports oil prices.",2026-03-24,Ukraine’s military attacks Russia’s Belgorod Region with over 125 UAVs in past day,rss_realtime
bullish,0.6,0.7,geopolitics,"The article describes a major conflict (Iran war) disrupting shipping, which threatens supply routes and is prompting key importers to seek alternative arrangements, creating upward pressure on oil prices.",2026-03-24,"South Korea seeks Omani support on oil, LNG as Iran war disrupts shipping",rss_realtime
bullish,0.6,0.7,geopolitics,"The article discusses escalating Israel-Iran tensions, which raises the risk of supply disruptions in a key oil-producing region.",2026-03-24,War on Iran: How Israel is demolishing the myth that once shielded it,rss_realtime
bullish,0.8,0.7,supply,A major bank's warning of potential extreme price spikes due to prolonged supply disruptions is a bullish signal for crude oil.,2026-03-24,It’s like the sun exploding: One Wall Street firm fears $200 oil — and says it’s not too late for investors to prepare,rss_realtime
neutral,0.0,0.95,other,"This news pertains solely to sports governance and has no direct or material connection to crude oil supply, demand, or market fundamentals.",2026-03-24,World Athletics lifts all doping-related sanctions on RusAF — sports minister,rss_realtime
bullish,0.3,0.6,geopolitics,"The article highlights escalating geopolitical tensions in a major oil-producing region, which introduces a risk premium for potential supply disruptions.",2026-03-24,Russian security officer says Ukraine talks to its saboteurs via foreign messenger apps,rss_realtime
bullish,0.3,0.6,geopolitics,"The statement highlights escalating geopolitical tensions in a key oil-producing region, which typically introduces a risk premium to crude prices.",2026-03-24,Russian lawmaker sees Zelensky trying to delay talks for more NATO weapons supplies,rss_realtime
bearish,-0.4,0.7,policy,China's policy to cap domestic fuel prices is a demand-side intervention that could reduce consumption pressure and signal lower demand for crude oil from a major importer.,2026-03-24,China dials back on fuel price hikes to 'reduce burden' on drivers,rss_realtime
bullish,0.6,0.7,geopolitics,"An attack on a major oil-producing and transit region like the UAE introduces significant supply disruption risks, which typically push crude oil prices higher.",2026-03-24,Over 160 people injured in Iranian strikes against UAE — defense ministry,rss_realtime
neutral,0.1,0.6,policy,"A trade body's call for policy support to increase domestic supply is a potential long-term bullish factor, but it is a statement of intent, not an immediate change in production or fundamentals.",2026-03-24,"UK must back North Sea oil and gas drilling, says trade body",rss_realtime
bullish,0.3,0.6,geopolitics,"The prospect of a US-Iran deal could ease geopolitical tensions and potentially increase Iranian oil supply, exerting downward pressure on prices, but the uncertain and unconventional nature of the diplomacy tempers the impact.",2026-03-24,"Ultimatums, diplomacy and a trip to Graceland as Trump eyes a deal with Iran",rss_realtime
bullish,0.4,0.7,geopolitics,"The headline price surge above $100 indicates the market's primary reaction is to heightened geopolitical risk from conflicting US-Iran talks, outweighing the initial bearish price plunge from postponed strikes.",2026-03-24,Oil back above $100 as conflicting claims emerge on US-Iran talks,rss_realtime
neutral,0.0,0.3,geopolitics,"The statement is a diplomatic remark on nuclear inspections with no direct, immediate implication for oil supply or demand.",2026-03-24,Russian envoy points to Iran’s right to decide about IAEA’s access to Bushehr nuke plant,rss_realtime
neutral,0.0,0.6,geopolitics,The Kremlin's statement is a denial of unconfirmed reports and does not indicate an escalation that would immediately disrupt oil supply.,2026-03-24,Russia 'negative' on Iran conflict spilling over to Caspian Sea region — Kremlin,rss_realtime
bullish,0.3,0.7,geopolitics,"The dismissal of talks escalates geopolitical tensions in a key oil-producing region, introducing a risk premium for potential supply disruptions.",2026-03-24,"Iran says no talks with US, calls Trump statements a ‘bluff’",rss_realtime
bullish,0.6,0.7,geopolitics,"Escalating threats from Iran against Israel raise the risk of supply disruptions in the Middle East, a key oil-producing region.",2026-03-24,"Iran Guards say will target Israel troops Palestinian, Lebanese civilians hit",rss_realtime
bullish,0.3,0.6,geopolitics,The disruption of critical energy industry infrastructure in the Middle East due to drone activity linked to regional conflict introduces a supply-side risk premium.,2026-03-24,Amazon says AWS Bahrain region ‘disrupted’ following drone activity,rss_realtime
bullish,0.6,0.7,geopolitics,"Military action against a major oil producer and ongoing internal disruption in Iran create significant supply disruption risks, which are typically price-positive.",2026-03-24,Iran continues to face internet blackout for 24th day in row — NetBlocks,rss_realtime
bullish,0.3,0.5,geopolitics,The report of heightened security and foiled terrorist plots in Russia introduces a minor risk premium due to potential supply disruption concerns.,2026-03-24,Explosive-laden insoles intercepted and other terrorist plots foiled: FSB hard at work,rss_realtime
bullish,0.4,0.6,geopolitics,Increased trading activity ahead of a geopolitical update on Iran suggests market anticipation of potential supply disruptions.,2026-03-24,Oil traders ramp up bets ahead of US President’s Iran talks update — FT,rss_realtime
bullish,0.7,0.8,geopolitics,Military escalation in a key oil-producing region directly threatens supply and creates a significant geopolitical risk premium.,2026-03-24,"IDF reports striking over 3,000 targets in Iran since start of operation",rss_realtime
neutral,0.0,0.3,demand,"Increased Russian electricity consumption suggests modest domestic industrial activity but has no direct, material impact on global crude oil supply or demand.",2026-03-24,Electricity consumption in Russia rises by 2.6% since start of year,rss_realtime
neutral,0.0,0.2,other,"The article reports a decline in Russian stock indices, which is a general financial market movement with no direct, clear link to crude oil supply, demand, or pricing fundamentals.",2026-03-24,Russian stocks shift to decline,rss_realtime
neutral,0.0,0.2,geopolitics,"The article describes internal ICC political friction, which is not a direct or clear driver of immediate oil supply, demand, or regional conflict.",2026-03-24,Exclusive: 'Handful' of ICC states aim to sabotage report clearing Karim Khan,rss_realtime
neutral,0.0,0.6,geopolitics,"The statement is non-committal and maintains diplomatic ambiguity, offering no clear signal on the potential for increased Iranian oil supply.",2026-03-24,White House press secretary describes situation around talks with Iran as fluid,rss_realtime
bullish,0.4,0.7,geopolitics,The escalation of conflict in Ukraine increases geopolitical risk premium for oil by threatening regional stability and potential supply disruptions.,2026-03-24,"At least five killed in massive wave of Russian strikes across Ukraine, officials say",rss_realtime
neutral,0.0,0.2,geopolitics,"The article describes a specific, localized geopolitical incident unlikely to directly affect global oil supply or demand in the near term.",2026-03-24,Inside the alleged Russian operation to trigger anti-government protests in Angola,rss_realtime
bullish,0.7,0.6,supply,"The article highlights a current supply disruption significantly larger than the historically bullish 1973 embargo, suggesting strong upward pressure on prices.",2026-03-24,How does the current global oil crisis compare with the 1973 oil embargo?,rss_realtime
bullish,0.3,0.5,geopolitics,The appointment of a hardline military figure to a top security role in Iran could increase regional tensions and raise perceived risks to oil supply.,2026-03-24,"Iran appoints Mohammad Bagher Zolghadr as chief of top security council, report says",rss_realtime
neutral,0.0,0.3,policy,"The article describes domestic political advertising, which has no direct impact on physical oil supply, demand, or current geopolitics.",2026-03-24,DCCC launches geotargeted digital ad campaign hitting GOP for gas prices,rss_realtime
bullish,0.4,0.6,geopolitics,"The article highlights a potential escalation in US-Iran tensions around a key oil terminal, which introduces a risk premium for supply disruption.",2026-03-24,US operation on Kharg Island could awaken Iran's sleeping forces — expert,rss_realtime
bullish,0.7,0.8,geopolitics,"The deployment of strategic bombers for a military operation against Iran, a major oil producer, significantly increases the risk of supply disruptions.",2026-03-23,"US orders 22 B-2 strategic bombers, Trump says",rss_realtime
bullish,0.7,0.85,geopolitics,"The article describes a direct military conflict disrupting energy supplies from a major oil-producing region, which creates a significant risk premium and potential for physical supply shortages.",2026-03-23,US-Iran War Costs Soar Past $25 Billion for America as Global Economy Reels from Oil Shock,crude oil
neutral,0.0,0.3,other,"The article describes a historical retail gasoline price spike, which is a lagging indicator and effect of prior crude oil market movements, not a new fundamental driver for future crude prices.",2026-03-23,Gas price jump feels like a lot because it is,OPEC
neutral,0.0,0.2,geopolitics,"The news is a historical political trial with no direct, immediate link to current oil supply, demand, or Venezuelan policy changes.",2026-03-23,Rubio to testify in trial of former roommate accused of secretly lobbying for Venezuela,OPEC
bullish,0.8,0.9,geopolitics,"The declaration of force majeure in Iraq and attacks on Kuwaiti refineries represent immediate and significant supply disruptions, outweighing the potential bearish effect of a future easing of Iranian sanctions.",2026-03-23,"Oil prices top $112 after Iraq declares force majeure, Kuwait refineries attacked",rss_realtime
bullish,0.3,0.6,demand,"The article highlights sustained high diesel demand from the agricultural and freight sectors, which provides underlying price support for crude oil.",2026-03-23,Farmers warn supermarket price spikes to hit within weeks,oil price
bearish,-0.3,0.6,macro,"The warning that higher energy prices are stoking inflation may pressure central banks to maintain restrictive monetary policy, which could dampen economic growth and future oil demand.",2026-03-23,Bank chief warns energy price rise to push up inflation,oil price
bullish,0.7,0.85,geopolitics,"A direct military strike by Iran on Israel and US bases significantly escalates Middle East tensions, creating a substantial risk premium for crude oil due to potential supply disruptions.",2026-03-23,"Iran’s IRGC confirms delivering missile strikes on Dimona, Eilat in Israel, US army bases",rss_realtime
bullish,0.3,0.6,geopolitics,"The article highlights sustained Middle East conflict risks, which historically create a geopolitical risk premium for crude oil prices due to potential supply disruptions.",2026-03-23,Rising fertiliser costs leads to warning over food prices,oil price
bearish,-0.3,0.7,supply,"Increased domestic refining depth and higher yield of light products in Russia suggests a potential reduction in crude oil available for export, which is bearish for crude prices due to increased product supply.",2026-03-23,Oil refining depth in Russia reach 84.2% in 2025 — Energy Ministry,rss_realtime
bullish,0.3,0.6,geopolitics,"The statement reinforces a protracted conflict, sustaining geopolitical risk premiums that support oil prices.",2026-03-23,Kiev needs to sign ‘capitulation documents’ to end Ukraine conflict — Russian MFA,rss_realtime
bearish,-0.4,0.6,geopolitics,"The news highlights significant financial market stress due to a geopolitical conflict, which typically signals reduced risk appetite and potential demand destruction for oil.",2026-03-23,"South Korean shares tumble, won hits 17-year low on West Asia conflict",energy market
neutral,0.0,1.0,other,The article is an advertisement for a kitchen appliance and contains no information relevant to the crude oil market.,2026-03-23,Pacific 900mm Self Cleaning Rangehood $699 (Was $1399) Melb Pickup or + $60 Shipping @ Pacific Kitchen Life,oil price
bullish,0.7,0.8,geopolitics,A significant escalation in military action against Iranian assets in a key oil-producing region directly threatens supply disruption and raises geopolitical risk premiums.,2026-03-23,"US destroys 158 Iranian ships, Trump claims",rss_realtime
neutral,0.0,0.3,policy,"The article attributes the EU energy crisis to past policy decisions but does not describe a new event affecting current oil supply, demand, or prices.",2026-03-23,EU energy crisis caused by policy mistakes – Rosatom chief,rss_realtime
bullish,0.4,0.6,geopolitics,Statements aiming for regime change in major oil producers like Iran introduce a risk premium for potential supply disruptions.,2026-03-23,Trump hopes for regime change in Iran,rss_realtime
neutral,0.0,0.3,geopolitics,"The article describes a political opinion advocating for dialogue with Russia, which is a long-term geopolitical concept with no immediate, direct impact on oil supply or demand.",2026-03-23,Hungarian NGO supports Orban's call for creation of European security system with Russia,rss_realtime
bullish,0.6,0.8,geopolitics,"Trump's comments reducing hopes for a quick resolution in Iran increase geopolitical risk premium, supporting higher oil prices.",2026-03-23,Asian shares decline as hopes dim for resolution in Iran after Trump's latest comments,crude oil
bearish,-0.4,0.7,geopolitics,A potential US-Iran deal to reopen the critical Strait of Hormuz would reduce the geopolitical risk premium currently baked into oil prices.,2026-03-23,"Strait of Hormuz to reopen immediately if US, Iran reach deal — Trump",rss_realtime
bearish,-0.4,0.7,demand,"Government price controls in a major consuming nation like India will suppress demand signals and likely reduce consumption, putting downward pressure on global crude prices.",2026-03-23,India Holds Fuel Prices Steady Even as Oil Basket Soars Above $155,crude oil
bullish,0.6,0.7,geopolitics,"The threat of a key oil transit chokepoint closure introduces a significant supply disruption risk, which is typically price-positive.",2026-03-23,"Iran still mulls closing Strait of Hormuz, not knowing US next move — TV",rss_realtime
bullish,0.9,0.95,geopolitics,"The article describes a direct supply disruption at a critical chokepoint due to military conflict, which is a classic and powerful bullish catalyst for oil prices.",2026-03-23,"World Oil Prices Surge to Near $113 as US-Iran Conflict Disrupts Strait of Hormuz Flows on March 23, 2026",crude oil
bullish,0.6,0.7,geopolitics,"Escalating US-Iran rhetoric increases the risk of supply disruptions in the Middle East, a key oil-producing region.",2026-03-23,"Stocks, bonds fall as US-Iran rhetoric intensifies",crude oil
bearish,-0.4,0.7,supply,"A major refiner's refusal to purchase Iranian crude despite a waiver suggests weaker-than-expected demand for immediate supply, adding downward pressure on prices.",2026-03-23,China’s Sinopec not Buying Iranian Crude despite U.S. Waiver,rss_realtime
bearish,-0.3,0.6,policy,"Proposed profit caps on energy companies could dampen investment and signal increased regulatory intervention, potentially weighing on crude oil prices.",2026-03-23,UK Faces Calls for Temporary Cap on Energy Company Profits,rss_realtime
bearish,-0.4,0.7,geopolitics,"The article highlights that despite high U.S. production, a distant geopolitical conflict is driving up gasoline prices, indicating supply vulnerability and market pressure.",2026-03-23,U.S. Energy Dominance Agenda Can't Shield Driver From Higher Gasoline Prices,rss_realtime
bullish,0.7,0.8,geopolitics,"The article highlights a perceived market complacency regarding a war with Iran, a major oil producer, which implies a significant upside supply risk.",2026-03-23,Are Markets Underestimating the Risk of a Prolonged Energy Crisis?,rss_realtime
bullish,0.4,0.6,supply,"Violent instability in Ecuador, an OPEC+ member and oil exporter, creates risks of supply disruptions to its crude oil production.",2026-03-23,Ecuador’s Broken Oil Industry Faces Violent Headwinds,rss_realtime
neutral,0.0,0.3,other,"The article discusses the cost competitiveness of renewables versus fossil fuels in a regional context, which is a long-term structural trend rather than a direct price-moving event for crude oil.",2026-03-23,Why Portugal and Spain Dodge Europe’s Energy Price Shock,rss_realtime
bullish,0.6,0.7,geopolitics,"The article links a direct oil price rally to geopolitical instability in the Middle East, which typically supports higher prices.",2026-03-23,Middle East Chaos Hands Canada a $65 Billion Gift,rss_realtime
neutral,0.0,0.6,geopolitics,"The statement aims to de-escalate regional tensions and focuses on ensuring safe oil transit, which mitigates immediate supply disruption risks.",2026-03-23,Iran not to blame for Middle East conflict — Omani top diplomat,rss_realtime
bullish,0.4,0.6,geopolitics,"The ongoing war involving Iran, a major oil producer and regional power, introduces a persistent risk of supply disruptions, which typically supports higher oil prices.",2026-03-23,"Stock market today: Dow, S&P 500, Nasdaq futures waver after rally as Iran war drags on",rss_realtime
neutral,0.0,0.7,macro,"The article describes a selloff in gold driven by inflation fears and a strong dollar, which are macro factors that can have competing indirect effects on oil (bearish from potential demand destruction, bullish as an inflation hedge).",2026-03-23,"Gold futures plunge ₹8,089 to ₹1.36 lakh/10g on global selloff, inflation fears",oil price
bullish,0.4,0.7,geopolitics,"The condition for ending hostilities directly ties regional conflict de-escalation to the removal of oil sanctions, introducing a new barrier to potential supply increases from Iran.",2026-03-23,Iran wants all sanctions on it lifted before ending war — Khamenei’s adviser,rss_realtime
neutral,0.0,0.2,other,"The article's title and description focus on food security and critique of agricultural technology, with no direct, clear information about crude oil supply, demand, or relevant market fundamentals.",2026-03-23,Crude Harvest: Food Security Beyond Oil and Nano-Tech Quick Fixes,crude oil
neutral,0.0,0.7,geopolitics,The market is balancing bullish geopolitical risk from rising threats against bearish supply pressure from increased Iranian oil availability.,2026-03-23,Oil swings between gains and losses amid rising threats,crude oil
bearish,-0.4,0.7,geopolitics,"The analysis highlights a major demand risk, as a key growth economy's oil consumption is threatened by prolonged conflict and high prices.",2026-03-23,"India among worst hit if Middle East conflict drags, GDP could take up to 4% hit: Moody’s Analytics",crude oil
bearish,-0.4,0.6,macro,"The article describes broad-based risk-off sentiment across Asian markets and commodities, which typically reduces demand expectations for crude oil.",2026-03-23,"ASX falls, Asia tumbles, gold crashes as Trump keeps markets on edge",crude oil
bullish,0.6,0.7,geopolitics,"A geopolitical threat to a critical oil transit chokepoint (Strait of Hormuz) creates immediate supply disruption risks, outweighing the potential bearish effect of a coordinated stockpile release.",2026-03-23,Live: International Energy Agency open to releasing more oil; Trump issues deadline,crude oil
neutral,0.0,0.9,supply,"The report indicates stable, high utilization of offshore accommodation units, reflecting steady operational support for oil production but no significant change in supply dynamics.",2026-03-23,Prosafe SE: Operational update – February 2026,energy market
bullish,0.7,0.8,geopolitics,"Threats to shut the Strait of Hormuz, a critical oil chokepoint, directly risk major supply disruption, supporting higher prices.",2026-03-23,"Tehran threatens to completely shut down the “Peace through strength,” Trump’s new message as his ultimatum on the Strait of Hormuz runs – Revolutionary Guards: If you strike electricity, we strike electricity (Update)",crude oil
bullish,0.6,0.7,geopolitics,"The article describes a Middle East conflict (Iran war) disrupting supply chains and raising raw material costs, which introduces a risk premium and potential physical supply disruption for crude oil.",2026-03-23,One battle after another: Iran war deals new blow to Europe's industrial heartland,crude oil
bullish,0.3,0.6,geopolitics,"The detention of a tanker linked to Russia's shadow fleet suggests potential supply disruptions and increased geopolitical risk, which typically supports oil prices.",2026-03-23,IN BRIEF: What is known about the detention of the tanker Deyna in the Mediterranean Sea,rss_realtime
bearish,-0.2,0.6,demand,"The long-term shift to nuclear power in Vietnam suggests a future reduction in fossil fuel demand, which is a mild negative for long-term crude oil prices.",2026-03-23,Vietnam to have nuclear power generation capacity by 2034-2035 — Rosatom CEO,rss_realtime
bearish,-0.4,0.6,geopolitics,"Iran's diplomatic statement suggesting de-escalation talks with the US reduces the immediate risk of a regional supply disruption, putting downward pressure on oil's geopolitical risk premium.",2026-03-23,Proposals on Middle East de-escalation must be addressed to US — Iranian Foreign Ministry,rss_realtime
neutral,0.0,0.95,other,"The article concerns Hong Kong's internal security policy and has no direct, material connection to crude oil supply, demand, or pricing fundamentals.",2026-03-23,HK police can now demand phone passwords under new national security rules,rss_realtime
bullish,0.3,0.6,demand,"A localized but severe fuel shortage in Bangladesh indicates robust regional demand and potential supply chain tightness, which could provide marginal upward pressure on global crude prices.",2026-03-23,All fuel stations may close in Bangladesh due to fuel shortage — newspaper,rss_realtime
bullish,0.4,0.6,geopolitics,"A widening schism between the US and its European allies over the Middle East war increases geopolitical risk and potential for supply disruptions, which is typically supportive for oil prices.",2026-03-23,"Middle East war widens schism between US, its European allies — agency",rss_realtime
neutral,0.0,0.3,other,"The article describes a bilateral trade discussion with no direct, immediate implications for global oil supply, demand, or pricing fundamentals.",2026-03-23,Russia offers further growth of mutual trade turnover to Vietnam — PM,rss_realtime
neutral,0.0,0.1,other,"The article is a philosophical/political commentary with no direct mention of oil supply, demand, or relevant market fundamentals.",2026-03-23,"Empires Don’t Repent: Israel, the Cosmic War, and the Irreversible Verdict on Western Hegemony",crude oil
bearish,-0.4,0.7,geopolitics,The de-escalation of immediate military threats and expressed intent for a deal reduces the geopolitical risk premium currently priced into oil.,2026-03-23,Trump tells CNBC 'we are very intent on making a deal' with Iran,rss_realtime
bullish,0.6,0.7,geopolitics,"Heightened geopolitical tensions and threats of military action against Iran, a major oil producer and key chokepoint guardian, create a significant risk premium for crude oil prices.",2026-03-23,Watch Energy Secretary Wright discuss Iran war after Trump postpones power plant strikes,rss_realtime
bullish,0.4,0.6,geopolitics,News of escalating conflict and civilian casualties in Iran raises risks of supply disruptions in a major oil-producing region.,2026-03-23,A committed pharmacist and a homesick blogger – the Iranian civilians killed in the war,rss_realtime
bullish,0.7,0.8,geopolitics,"Middle East turmoil is causing supply disruptions, evidenced by China's significant domestic fuel price hike and physical shortages at pumps.",2026-03-23,China sees long lines at the gas pump as Mideast turmoil hits,rss_realtime
neutral,0.0,0.8,macro,"The article describes a macro event (rate hike expectations) impacting gold, which has no direct, clear implication for crude oil supply, demand, or geopolitics.",2026-03-23,"Gold at its weakest level this year, drops 5% on rate-hik",crude oil
bearish,-0.3,0.6,geopolitics,The potential delay and fragility of U.S.-China talks introduces uncertainty that could weaken global economic and oil demand outlooks.,2026-03-23,"Trump’s Visit to China Won’t Fix Much, If It Even Happens",crude oil
bearish,-0.4,0.7,policy,"The announced policy action aims to increase diesel supply to counter high prices, which would put downward pressure on crude oil if it signals a broader intent to release or encourage more product to market.",2026-03-23,"Trump administration plans to bring more diesel to market as fuel prices surge, Wright says",rss_realtime
neutral,0.0,0.2,macro,"The article describes a localized banking sector decline and general risk-off sentiment, which has an ambiguous and indirect impact on crude oil prices.",2026-03-23,"Nifty Bank sinks 3% to 11-month low as SBI, HDFC & Union Bank tumble. More pain ahead?",crude oil
bullish,0.4,0.7,geopolitics,Heightened Middle East tensions typically create a risk premium for crude oil due to potential supply disruptions.,2026-03-23,"South Korean shares tumble, won hits 17-year low on Mideast conflict",energy market
neutral,0.0,0.1,other,"The article is a forward-looking stock recommendation list with no direct information on current crude oil supply, demand, or relevant market fundamentals.",2026-03-23,10 Top ASX Stocks to Consider Buying in 2026 Amid Economic Uncertainty and Sector Shifts,oil price
neutral,0.0,0.95,other,"The article is about a future domestic Danish election with no direct or immediate connection to global crude oil supply, demand, or relevant geopolitics.",2026-03-23,Denmark Votes Tuesday: 10 Essential Topics Shaping Election 2026,energy market
bullish,0.7,0.85,geopolitics,"A major oil executive's statement highlights a critical supply chokepoint disruption, directly threatening global oil flows and increasing geopolitical risk premium.",2026-03-23,"Iran attacks in Strait of Hormuz are ‘economic terrorism against every nation,’ UAE oil CEO says",rss_realtime
bullish,0.6,0.7,geopolitics,Escalating US-Iran tensions highlighted by China's warning increase the risk of supply disruptions in the key oil-producing Middle East region.,2026-03-23,China warns of ‘uncontrollable situation’ in Mideast after Trump threats,Trump energy
bearish,-0.3,0.6,geopolitics,"The acknowledgment of supply chain strain from Middle East turmoil is a bearish factor, but its impact is moderated by the statement of strong economic resilience in a major consuming nation.",2026-03-23,"India can withstand Middle East turmoil, Modi tells parliament",crude oil
bullish,0.6,0.7,geopolitics,"An ultimatum regarding the Strait of Hormuz, a critical oil chokepoint, raises the risk of supply disruptions, which typically supports higher prices.",2026-03-23,CNBC Daily Open: clock ticks on Trump's Hormuz ultimatum,Trump energy
neutral,0.0,0.2,demand,The long-term trend toward energy-efficient lighting has a negligible direct impact on near-term crude oil demand and prices.,2026-03-23,More U.S. homes used LEDs over other bulb types for indoor lighting in 2024,rss_realtime
bullish,0.7,0.8,geopolitics,"Threats to close the critical Strait of Hormuz, a major oil transit chokepoint, directly threaten global supply and create a significant geopolitical risk premium.",2026-03-23,Iran vows to ‘completely’ close Strait of Hormuz after Trump threatens power plants,Trump energy
bullish,0.6,0.7,geopolitics,"A major oil CEO asserts that geopolitical risk from the Iran conflict and a tighter physical market are not reflected in current prices, suggesting upward pressure.",2026-03-23,"Chevron CEO says Iran war impact isn't fully priced into oil market, traders have ‘scant information’",rss_realtime
bearish,-0.6,0.7,geopolitics,The prospect of peace talks to end a major conflict reduces the geopolitical risk premium typically priced into oil.,2026-03-23,Oil falls and shares rebound after Trump says talks have been held to end war,rss_realtime
bullish,0.4,0.7,geopolitics,"The article directly links rising oil prices to geopolitical conflict in the Gulf region, indicating a supply disruption risk.",2026-03-23,Why do the West's farmers pay the price for war in Iran?,rss_realtime
neutral,0.0,0.1,other,The provided text contains no information relevant to crude oil markets.,2026-03-23,More housing warnings and a career in plumbing,energy market
bullish,0.4,0.7,demand,"The article indicates a potential structural increase in long-term demand for U.S. crude oil and LNG from key Asian buyers, which would tighten global supply balances.",2026-03-23,"Asia wants more U.S. oil and gas to reduce Middle East dependence after Iran war, Burgum says",rss_realtime
bullish,0.7,0.9,geopolitics,A direct military attack by Iran on Israel and Gulf states significantly raises the risk of a wider regional conflict that could disrupt Middle Eastern oil supply.,2026-03-23,Iran launches missiles at Israel and Gulf states,rss_realtime
bullish,0.3,0.6,geopolitics,"The article highlights a potential geopolitical risk from Iran, which could introduce a supply disruption premium to oil prices, though the assessed immediate threat is low.",2026-03-23,Could Iranian missiles reach London and Paris?,rss_realtime
bullish,0.4,0.7,geopolitics,"The article highlights a protracted conflict with no clear resolution, increasing the risk of supply disruptions in the Middle East and supporting higher oil prices.",2026-03-23,US' and Iran's options for ending war narrow the longer it goes on,rss_realtime
bullish,0.4,0.7,demand,"Rationing signals a supply shortage or panic buying, which typically increases market anxiety and supports higher crude prices.",2026-03-23,Slovenia becomes first EU country to introduce fuel rationing,rss_realtime
neutral,0.0,0.9,other,"The article describes a consulting firm supporting an economic assessment for a 50MW grid battery project in Japan, which is a small-scale, long-term renewable energy infrastructure development with no direct, immediate impact on crude oil supply, demand, or pricing dynamics.",2026-03-23,オーロラ・エナジー・リサーチ、HD Renewable Energyによる北海道・Helios 50MW系統用蓄電池プロジェクトの経済性評価を支援,energy market
bullish,0.7,0.85,geopolitics,"A statement from the IEA head warning of a severe, war-driven energy crisis worse than historical shocks directly points to heightened supply risks and market tightness, which are price-supportive.",2026-03-23,"World in energy crisis worse than 1970s’ oil shocks combined, IEA head says",Trump energy
bearish,-0.7,0.8,geopolitics,The de-escalation of immediate military conflict reduces the geopolitical risk premium that had been supporting oil prices.,2026-03-23,Oil tumbles nearly 11% after Trump puts hold on U.S. strikes against Iran energy infrastructure for five days,rss_realtime
bullish,0.7,0.8,supply,Severe damage to a large number of energy assets directly threatens near-term oil supply and creates a risk premium.,2026-03-23,"More than 40 Middle East energy assets ‘severely damaged,’ IEA chief says",rss_realtime
bullish,0.7,0.8,geopolitics,"The article describes a regional war disrupting global oil flows and tightening supplies, which is a classic geopolitical driver for higher crude oil prices.",2026-03-23,Trump's Iran war oil shield is cracking,crude oil
neutral,0.0,0.3,geopolitics,"The article reports a political accusation with no direct, immediate information on oil production, transport, or demand.",2026-03-23,Zelensky cares not about country but tries to remind West of his usefulness — Nebenzya,rss_realtime
bullish,0.4,0.7,geopolitics,"The article explicitly cites rising oil prices as a factor in the market environment, indicating that the ongoing West Asia conflict is exerting upward pressure on crude oil.",2026-03-23,Down 18% since Iran war! Why gold is not acting as safe haven this time,crude oil
bullish,0.3,0.7,supply,Increased demand for discounted Russian crude from a major importer like India supports prices by absorbing supply that might otherwise be displaced.,2026-03-23,India mulls scaling up oil imports from Russia — Russian deputy foreign minister,rss_realtime
bullish,0.3,0.6,geopolitics,"The article suggests heightened geopolitical risk in a key oil-producing region, which could threaten supply and support prices.",2026-03-23,US needs to curb Israel for dialogue with Iran — former head of counterterrorism center,rss_realtime
bearish,-0.4,0.6,geopolitics,A reported US push to end the Iran-Israel conflict by a specific date would reduce geopolitical risk premium currently baked into oil prices.,2026-03-23,US wants to wind down Iran war by mid-April ahead of Trump's Israel Prize awarding — Ynet,rss_realtime
neutral,0.0,0.1,other,The news describes a minor currency fluctuation and mixed Russian stock market performance with no direct link to crude oil fundamentals.,2026-03-23,Russian stock market closes mixed on Monday,rss_realtime
bullish,0.4,0.6,geopolitics,"The statement threatens the security of a critical oil transit chokepoint, introducing a supply disruption risk that typically supports higher prices.",2026-03-23,Adviser to Iranian parliament speaker says talks with US won't go on as previously,rss_realtime
bullish,0.7,0.85,geopolitics,"Direct military threats targeting the world's most critical oil chokepoint create a significant and immediate risk of supply disruption, which typically drives oil prices higher.",2026-03-23,"Iran, Trump Exchange Threats over Hormuz",crude oil
bearish,-0.3,0.6,geopolitics,"Russia's offer to mediate in Middle East conflicts suggests a potential de-escalation of regional tensions, which could reduce the geopolitical risk premium currently factored into oil prices.",2026-03-23,Russia ready to mediate in Middle East conflict — Foreign Ministry,rss_realtime
neutral,0.0,0.6,geopolitics,"The report suggests potential diplomatic engagement, which could ease tensions, but the unconfirmed and preliminary nature limits its immediate market impact.",2026-03-23,"US in contact with ‘top person’ in Iran, but not supreme leader — Trump",rss_realtime
bearish,-0.4,0.6,geopolitics,Potential high-level US-Iran talks could lead to a reduction in geopolitical risk premium and increase prospects for more Iranian oil supply.,2026-03-23,"Meeting between US, Iranian negotiators may be organized later this week — TV",rss_realtime
neutral,0.0,0.3,geopolitics,"The report suggests potential diplomatic contacts regarding Iran, which could reduce regional tensions, but the information is unconfirmed and lacks concrete details on outcomes.",2026-03-23,Israel believes US in contact with chairman of Iran’s Mejlis — TV,rss_realtime
neutral,0.0,0.8,macro,"The payment reduces immediate default risk and associated market volatility, but does not alter the fundamental supply or demand outlook for crude oil.",2026-03-23,Russia honors $65.6 mln Eurobond coupon payment — Finance Ministry,rss_realtime
neutral,0.0,0.2,macro,"The vague statement about Russia's economic growth lacks direct, actionable details about oil production, exports, or policy changes that would immediately impact crude oil supply or demand.",2026-03-23,IN BRIEF: President Putin’s key statements at a meeting on economic issues,rss_realtime
bearish,-0.4,0.6,geopolitics,"News of a potential US-Iran deal, mediated by Trump, reduces the geopolitical risk premium in oil prices by lowering the probability of supply disruptions.",2026-03-23,Netanyahu says Trump told him about possible Iran deal,rss_realtime
neutral,0.0,0.95,other,"The article discusses fish exports, which are unrelated to the crude oil market.",2026-03-23,Russian fish exports to EU up 5% in 2025 — association,rss_realtime
bullish,0.6,0.7,geopolitics,"The US statement highlights a key geopolitical flashpoint and potential supply disruption risk at the Strait of Hormuz, a critical oil chokepoint, which is typically price-supportive.",2026-03-23,US energy secretary considers Iranian control over Strait of Hormuz unacceptable,rss_realtime
bearish,-0.4,0.7,geopolitics,"The statement suggests a potential de-escalation of US-Iran tensions, which would reduce the geopolitical risk premium currently priced into oil.",2026-03-23,Trump expects progress on halting hostilities with Iran within five days — TV,rss_realtime
neutral,0.0,0.9,other,"The article discusses Tesla's potential entry into India's energy storage market, which is a long-term development in alternative energy with no direct, immediate impact on crude oil supply or demand.",2026-03-23,Why Tesla is eyeing India’s energy storage sector,energy market
bullish,0.8,0.9,geopolitics,"A direct military conflict involving Iran, a major oil producer and critical transit route, would severely threaten global oil supply, creating a high risk of a price spike.",2026-03-23,"Iran war: World economy facing 'major threat,' IEA head says - DW.com",Trump energy
bullish,0.6,0.7,geopolitics,Heightened geopolitical tensions and uncertainty over US strategy in a critical oil transit chokepoint typically increase risk premiums and support crude oil prices.,2026-03-23,Trump's changing course on Strait of Hormuz strategy raises questions about US war preparation,energy market
bullish,0.8,0.9,geopolitics,"A direct threat of military action against Iran risks a major supply disruption in the critical Strait of Hormuz chokepoint, which would significantly tighten global oil supply.",2026-03-23,Trump: Open Hormuz Strait or Face Bombed Power Plants,Trump energy
neutral,0.0,0.95,other,"The article discusses AI data security, which has no direct or material connection to crude oil supply, demand, or related market fundamentals.",2026-03-23,Your AI agents are moving sensitive data. Do you know where?,energy market
bullish,0.6,0.7,geopolitics,"A direct missile strike on Israel by Iran significantly escalates Middle East tensions, creating a risk premium for crude oil due to potential supply disruptions.",2026-03-22,'A direct hit' - BBC visits Israeli town after Iranian strike,rss_realtime
bearish,-0.3,0.6,geopolitics,"The article suggests that while a short-term supply disruption is being tolerated, a prolonged closure of the Strait of Hormuz would likely trigger a demand-destroying economic response, capping or reversing price gains.",2026-03-22,The economy has a Strait of Hormuz deadline for Trump: Two weeks,rss_realtime
bearish,-0.4,0.7,supply,"The report indicates a significant drop in export earnings for a major producer, suggesting potential market oversupply or price weakness despite higher production.",2026-03-22,"Crude oil export earnings dropped by $5.31bn, says report",OPEC
bullish,0.4,0.7,geopolitics,"A direct missile attack by Iran on a Western military base increases regional tensions and introduces a risk premium to oil prices, though the failure to hit the target may limit the immediate upside.",2026-03-22,U.K. confirms Iran fired two missiles at British-American base in Indian Ocean which failed to reach their target,rss_realtime
bullish,0.6,0.7,geopolitics,Escalating conflict with Iran introduces a significant risk premium to oil prices due to potential supply disruptions in a key producing region.,2026-03-22,Trump Planned for Big Oil’s Global Dominance. Then He Went to War With Iran,OPEC
bearish,-0.3,0.6,demand,"The article highlights the potential for demand destruction as high oil prices lead to warnings of increased consumer energy costs, which could reduce consumption.",2026-03-22,"Energy bills rise 'inescapable' if oil prices stay high, says British Gas boss",rss_realtime
bullish,0.7,0.8,geopolitics,"Heightened threats to shipping through the critical Strait of Hormuz create a sustained supply disruption risk, supporting a higher oil price risk premium.",2026-03-21,How the Middle East crisis is rewriting energy security doctrine,OPEC
bullish,0.7,0.8,geopolitics,Direct strikes on critical energy infrastructure in a key producing region create immediate supply disruption risks and a significant geopolitical risk premium for oil prices.,2026-03-21,How Iran war became a worst-case scenario for Gulf states,OPEC
bullish,0.3,0.8,policy,"The explicit rejection of export restrictions removes a potential supply constraint from the global market, supporting international crude oil prices.",2026-03-21,"Cabinet Secretaries Rule Out Export Restrictions to Curb Gas Prices, Citing Energy Security",OPEC
bullish,0.4,0.7,geopolitics,"The article suggests a tightening of Iranian crude supply to a major buyer (China) due to US policy and competition, which could reduce global supply and support prices.",2026-03-21,China's heavy reliance on Iranian oil imports & challenge amid Mideast war,OPEC
neutral,0.0,0.3,other,"The article discusses a historical contingency plan from 1979 and offers a general commentary on supply risks, but does not report a current event affecting supply, demand, or prices.",2026-03-21,‘Eerie parallel’: Archived stamps reveal Canada was prepared to ration gas in the 1979 oil crisis,OPEC
bullish,0.7,0.6,geopolitics,"The article links a geopolitical conflict (Iran war) to a reduction in oil and gas supplies, which is a classic supply-side shock that would typically put upward pressure on crude oil prices.",2026-03-21,What is stagflation and what can we do about it?,OPEC
bullish,0.85,0.9,geopolitics,"The escalation of conflict in Iran directly threatens supply from a major oil-producing region, creating a significant risk premium.",2026-03-20,Oil Surges as Iran War Escalates,OPEC
bullish,0.7,0.8,geopolitics,Direct attacks on critical energy infrastructure in major producing nations raise immediate supply disruption risks and regional conflict premiums.,2026-03-20,Gas hubs hit in Iran and Qatar: How close is a global supply crisis?,OPEC
bullish,0.9,0.8,geopolitics,"The article describes a major geopolitical escalation in a key oil-producing region, which directly threatens supply and creates significant market risk premiums.",2026-03-20,Iran War Puts Global Energy Markets on the Brink of a Worst-Case Scenario,OPEC
neutral,0.0,0.95,other,"The article is a generic informational piece about the impact of price changes, not a report on a new market-moving event.",2026-03-20,"Current price of oil as of March 20, 2026",OPEC
neutral,0.0,0.1,geopolitics,"The provided text is a historical anecdote about 2004 and does not contain any current, actionable information affecting crude oil supply, demand, or immediate geopolitical risk.",2026-03-20,Trump's right about one thing in Iran — and he's going to hate it,OPEC
bullish,0.4,0.6,geopolitics,"The article highlights geopolitical tensions involving Iran and potential US disengagement from Ukraine, which could increase regional instability and threaten oil supply routes, putting upward pressure on prices.",2026-03-20,"‘Iran war is Europe’s war’, says former Trump security advisor",OPEC
bullish,0.4,0.7,geopolitics,"The article suggests geopolitical tensions could tighten global oil supply by increasing demand for alternative crudes like Russian Urals, providing upward price pressure.",2026-03-20,Will Russian oil be the biggest winner in the US-Israel war on Iran?,OPEC
bullish,0.8,0.9,geopolitics,"The article highlights a major geopolitical conflict (US-Iran war) threatening a critical supply chokepoint, with a major bank forecasting a decade of elevated prices due to intense supply risks.",2026-03-20,Will Brent crude oil price stay above $100 for years amid US-Iran war? Why Goldman Sachs oil price forecast says it could last a decade as chokepoint faces extreme pressure,OPEC
