date,source,query,title,engagement,risk_score,direction,geopolitics,url
2026-05-12,reddit,crude oil,TOI is BJP Pro maxxx...,7,0.0,0,0,
2026-05-12,reddit,crude oil,"Defence Minister Rajnath Singh said India remains secure with adequate fuel reserves despite the West Asia conflict, including 60 days of crude oil and natural gas supplies.",1,0.0,0,0,
2026-05-12,reddit,crude oil,Heartfelt message to all pigeon lovers living in the southern hemisphere,6,0.25,-1,1,
2026-05-12,reddit,crude oil,"So close, yet so far",37,0.25,0,0,
2026-05-12,reddit,crude oil,"Trump Supporter loves him, loves ""energy independence"" but hates the gas prices",1,0.0,0,0,
2026-05-12,reddit,crude oil,"California gas prices are already around $6 per gallon and could rise further due to refinery shutdowns, reliance on imported fuel, and global oil disruptions tied to Middle East instability, making supply tighter and prices more volatile.",1,0.5,0,1,
2026-05-12,reddit,crude oil,AUD/USD Forecast: Risk appetite and dollar weakness align for breakout,1,0.5,1,1,
2026-05-12,reddit,crude oil,"Tue, 12 May 2026 • Front page for Philippine national and business newspapers",17,0.0,0,0,
2026-05-12,reddit,crude oil,I quit my job and I'm terrified now,89,0.0,1,0,
2026-05-12,reddit,crude oil,"US Dollar Coiling, USD/JPY Eyes Resistance Heading into US CPI",1,1.0,1,1,
2026-05-12,reddit,crude oil,"12 days after the Ukrainian drone strike, a fire at the Perm oil pumping station has been extinguished. Six fuel tanks burned down completely. The station’s de facto shutdown will further complicate the situation at the Perm refinery, which it supplied with crude.",238,0.5,0,0,
2026-05-12,reddit,crude oil,Morgan Stanley Says $150 / Barrel By Summer,0,1.0,0,1,
2026-05-12,reddit,crude oil,Tradies face breaking point as building supply costs rise again,39,0.25,0,1,
2026-05-12,reddit,crude oil,Thoughts on current Cuba situation,14,1.0,-1,1,
2026-05-12,reddit,crude oil,The Daily Market Flux - Your Complete Market Rundown (5/11/2026),1,1.0,0,1,
2026-05-12,reddit,crude oil,"President Trump rejects peace deal &amp; NFP beats the expectations: Is the BoJ’s $40B intervention already a ""failed trade"" at 157.00?",1,0.75,1,1,
2026-05-12,reddit,crude oil,Oil prices surged after Trump rejected Iran’s latest peace proposal as “totally unacceptable”,1,1.0,1,1,
2026-05-12,reddit,crude oil,"U.S. News Summary – May 11, 2026",1,1.0,1,1,
2026-05-12,reddit,crude oil,Phoenix Launches 24/7 On-Chain Perpetual Futures for Gold and Crude Oil.,4,0.0,0,0,
2026-05-12,reddit,crude oil,Global News Summary — 11 May 2026,1,1.0,1,1,
2026-05-12,reddit,crude oil,Oil is up 50% since february and the market just doesn't care,308,0.5,0,1,
2026-05-12,reddit,crude oil,"Trump: Iran Ceasefire on ""Life Support""—Gas Prices Top $4, Naval Fire Exchanged in Hormuz",12,1.0,1,1,
2026-05-12,reddit,crude oil,"Stock Market Recap for Monday, May 11, 2026",6,0.0,0,1,
2026-05-12,reddit,oil prices,Been tracking Indian D2C niche momentum weekly for almost a year. Some niches are in the perfect window right now. Some that looked wide open 8 months ago are already getting crowded.,3,0.0,-1,0,
2026-05-12,reddit,oil prices,"The 2,500-Year-Old Blade That Refused to Rust—and What It Reveals About Art, Science, and Obsession",1,0.25,0,1,
2026-05-12,reddit,oil prices,What is the price of gasoline in your local area?,28,0.0,0,0,
2026-05-12,reddit,oil prices,Old ideas from old board,1,0.5,0,1,
2026-05-12,reddit,oil prices,Oil prices continue to fluctuate following Trump's formal rejection of Tehran's terms. Any thoughts?,1,0.0,0,0,
2026-05-12,reddit,oil prices,"Prime Minister Narendra Modi asked Indians to work from home, limit foreign travel and save fuel as rising oil prices from the Iran conflict pressure India’s economy, currency and industries.",1,0.0,0,1,
2026-05-12,reddit,oil prices,Gas. Rent. Power Bills. Enough.,21,0.25,0,0,
2026-05-12,reddit,oil prices,"Oil prices climbed as United States-Iran peace negotiations stalled over the Strait of Hormuz dispute. Global markets reacted cautiously, while gasoline and diesel prices remained elevated amid ongoing Middle East tensions.",1,0.25,0,1,
2026-05-12,reddit,oil prices,I’ll Never Take Communion Again,2,0.5,-1,1,
2026-05-12,reddit,oil prices,United States President Donald Trump called Iran’s response to the latest peace proposal unacceptable amid rising tensions near the Strait of Hormuz. Oil prices increased as concerns over the fragile ceasefire continued.,1,0.25,0,1,
2026-05-12,reddit,oil prices,USA economy is great but costs are high,2,0.5,0,0,
2026-05-12,reddit,oil prices,Oil prices rise as fragile US-Iran talks sustain supply worries,12,0.0,0,1,
2026-05-12,reddit,oil prices,"[AI DAILY NEWS RUNDOWN] AI Writes Zero-Day Exploit, OpenAI's $6.6B Cash-Out, and Manager Burnout (May 11 2026)",1,1.0,1,1,
2026-05-12,reddit,oil prices,"Porthos Hot Tomato Sardine ""Puttanesca""",5,0.0,0,0,
2026-05-12,reddit,oil prices,Hedging my portfolio in anticipation of oil shortages,11,0.75,1,0,
2026-05-12,reddit,oil prices,Thanks for the tips boys,12,0.0,0,0,
2026-05-12,reddit,oil prices,[World] - Oil prices extend gains as Trump comments diminish hopes for a U.S.-Iran peace deal | NBC,1,0.0,0,1,
2026-05-12,reddit,oil prices,[Top Stories] - Oil prices extend gains as Trump comments diminish hopes for a U.S.-Iran peace deal | NBC,1,0.0,0,1,
2026-05-12,reddit,oil prices,"UAE has been secretly carrying out attacks on Iran, WSJ reports",3,0.75,0,1,
2026-05-12,reddit,oil prices,Newcastle Seo Pricing,1,0.0,1,0,
2026-05-12,reddit,oil prices,Really like Pacifica but I’m terrified,24,0.0,0,0,
2026-05-12,reddit,oil prices,[Top Stories] - Oil prices extend gains as Trump comments diminish hopes for a U.S.-Iran peace deal,1,0.0,0,1,
2026-05-12,reddit,OPEC oil,Trump Says He's 'Seriously Considering Making Venezuela the 51st US State' as He Brags of Stealing Its $17 Trillion Of Oil Wealth. This Time He May Be Serious But Has He Considered Everything?,278,0.25,0,1,
2026-05-12,reddit,OPEC oil,Reuters Survey Shows OPEC Oil Output At 26-Year Low Amid Iran War | OilPrice.com,1,0.25,0,1,
2026-05-12,reddit,OPEC oil,Why Are Countries Abandoning OPEC?,1,0.25,0,1,
2026-05-11,reddit,OPEC oil,More Second Term Tree’s in Red World: Texas Rose,62,0.0,0,0,
2026-05-11,reddit,OPEC oil,Why the US pressured the UAE to leave OPEC: Big Oil corporations benefit,1,0.0,0,0,
2026-05-11,reddit,OPEC oil,"11.05.2026 - Analyse Rohstoffmarkt (Oil, Gold, Silber, Palladium, Kupfer) - TEIL1 OIL",7,0.5,-1,1,
2026-05-11,reddit,OPEC oil,"11.05.2026 - Analyse Rohstoffmarkt (Oil, Gold, Silber, Palladium, Kupfer) - TEIL1: OIL",1,0.5,-1,1,
2026-05-11,reddit,OPEC oil,Where is your research time going for this week?,20,0.0,0,0,
2026-05-11,reddit,OPEC oil,XAU/USD Technical Setup: Bullish Structure Forming Above Key Trendline,5,0.25,0,1,
2026-05-10,reddit,OPEC oil,The Oil Shock caused by the closure of the Strait of Hormuz is the largest resource crisis in living memory,1447,1.0,0,1,
2026-05-10,reddit,OPEC oil,We are Slow Walking into the Biggest Resource Crisis in Living Memory.,922,1.0,0,1,
2026-05-10,reddit,OPEC oil,EP Risk Premium Monitor,1,0.75,0,1,
2026-05-10,reddit,OPEC oil,Do you think America's leaders should bring back the tax credit for EV purchases?,1,0.5,0,1,
2026-05-09,reddit,OPEC oil,Peak Oil and the New Energy Geopolitics,1,0.75,0,1,
2026-05-09,reddit,OPEC oil,Crude Oil Slides As Iran Imposes New Rules For Strait Of Hormuz While Reviewing U.S. Peace Proposal,4,0.5,0,1,
2026-05-09,reddit,OPEC oil,Iran conflict drives global food prices to three-year high: UN,2,0.25,0,1,
2026-05-09,reddit,OPEC oil,Could an OPEC Breakup Threaten the Petrodollar System?,79,0.0,0,0,
2026-05-08,reddit,OPEC oil,Why You Should Watch Japan &amp; 2025 HMDA Data,2,0.5,0,1,
2026-05-08,reddit,OPEC oil,UAE leaving OPEC is an oil headline with a tanker-route consequence.,3,0.0,0,0,
2026-05-08,reddit,OPEC oil,Can someone grade my DBQ last minute?,5,0.0,1,0,
2026-05-08,reddit,OPEC oil,Energy Sector Divergence: Oil Services vs Integrated Majors,2,0.0,-1,0,
2026-05-08,reddit,OPEC oil,Market Crises: How Asset Classes React to Shocks,1,0.25,0,1,
2026-05-12,reddit,Strait of Hormuz oil,Neither US nor Iran can sustain strait of Hormuz standoff indefinitely,2,0.25,0,1,
2026-05-12,reddit,Strait of Hormuz oil,Our very first post!!!!! Yikes,0,0.0,0,0,
2026-05-12,reddit,Strait of Hormuz oil,Fertilizer - The Boring BUT Soon To Be Rallying,1,0.25,1,1,
2026-05-12,reddit,Strait of Hormuz oil,The US-Iran War Exposed How Close Global Systems Are To Collapse,9,0.75,0,1,
2026-05-12,reddit,Strait of Hormuz oil,More Alaska crude flows to Asia as Strait of Hormuz stays shut,0,0.25,0,1,
2026-05-12,reddit,Strait of Hormuz oil,Earnings report!!,1,0.25,0,1,
2026-05-12,reddit,Strait of Hormuz oil,The real reason the market is pumping,408,0.5,0,1,
2026-05-12,reddit,Strait of Hormuz oil,UK and France set to host multinational Strait of Hormuz meeting as British Warship to pre-position in the region,1,0.5,0,1,
2026-05-12,reddit,Strait of Hormuz oil,The UAE-owned VLCC supertanker that was swarmed by Iranian fast attack boats and targeted by drones was reportedly attacked in Strait of Hormuz while attempting a covert ship-to-ship oil transfer with another tanker,1,1.0,0,1,
2026-05-12,reddit,Strait of Hormuz oil,"Trump said the ceasefire is extremely fragile and may not hold, calling it on life support and warning that stalled negotiations and lack of concessions could force a return to military pressure rather than a lasting diplomatic deal.",1,0.75,0,1,
2026-05-12,reddit,Strait of Hormuz oil,Our best option now,16,0.0,0,0,
2026-05-12,reddit,Strait of Hormuz oil,Let's talk about Iran...,6,1.0,-1,1,
2026-05-12,reddit,Strait of Hormuz oil,"[MARKET ALERT] Oil Markets Braced for ""Total War"" as Iran’s Strait of Hormuz Deadline Expires Today; U.S. and Israel Target Iranian Energy Infrastructure",1,1.0,0,1,
2026-05-12,reddit,Strait of Hormuz oil,"DAILY MEGATHREAD May 11, 2026 : US Blockade of the Strait of Hormuz is LIVE – All tanker drama, oil panic, missile hits, Iran retaliation posts belong HERE",18,0.5,0,1,
2026-05-12,reddit,Strait of Hormuz oil,"Amb. John Bolton: Trump is stuck in an Iran trap of his own making, with only two options. {WP 11 May; image generated via ChatGPT}  Follow on Instagram: huter_der_flamme",2,0.0,0,1,
2026-05-12,reddit,Strait of Hormuz oil,Strait of Hormuz is more than 2.5x the width of the Strait of Gibraltar,3,0.25,0,1,
2026-05-12,reddit,Russia oil sanctions,Almost 200 sanctioned Russia-linked ships have entered UK waters despite warning,1,0.5,0,1,
2026-05-12,reddit,Russia oil sanctions,Ukraine to Send Drone Experts to Baltics to Help Prevent Accidental Incursions into NATO Airspace,1,0.5,0,0,
2026-05-12,reddit,Russia oil sanctions,[Top Stories] - Almost 200 sanctioned Russia-linked ships have entered UK waters despite warning | BBC,1,0.5,0,1,
2026-05-12,reddit,Russia oil sanctions,[UK] - Almost 200 sanctioned Russia-linked ships have entered UK waters despite warning | BBC,1,0.5,0,1,
2026-05-12,reddit,Russia oil sanctions,[UK] - Almost 200 sanctioned Russia-linked ships have entered UK waters despite warning,1,0.5,0,1,
2026-05-12,reddit,Russia oil sanctions,[Top Stories] - Almost 200 sanctioned Russia-linked ships have entered UK waters despite warning,1,0.5,0,1,
2026-05-12,reddit,Russia oil sanctions,US issues new sanctions over Iran's oil shipments to China,11,0.25,0,1,
2026-05-12,reddit,Russia oil sanctions,Tuapse-- latest strike,23,0.75,0,1,
2026-05-12,reddit,Russia oil sanctions,報告稱香港部分實體涉協助伊朗規避制裁　涉石油、金融與技術轉運,2,0.0,0,1,
2026-05-12,reddit,Russia oil sanctions,Treasury Department Expands Iran Oil Sanctions,1,0.25,0,1,
2026-05-12,reddit,Russia oil sanctions,Lovely Superevent,8,0.0,0,0,
2026-05-12,reddit,Russia oil sanctions,"UK, Canada impose additional sanctions on Russia over deportation of Ukrainian children",1,0.25,0,1,
2026-05-12,reddit,Russia oil sanctions,NEW: U.S. Announces New Sanctions Related To Shipping Iranian Oil To China,5,0.25,0,1,
2026-05-12,reddit,Russia oil sanctions,"REPORT: Russia, Iran Exploiting Caspian Sea to Evade US Sanctions on Military Goods",1,0.25,0,1,
2026-05-12,reddit,Russia oil sanctions,/r/worldnews - https://www.reuters.com/world/china/us-issues-new-sanctions-over-irans-oil-shipments-china-2026-05-11/,2,0.25,0,1,
2026-05-12,reddit,Russia oil sanctions,Iran Is Using Alternative Routes To Bypass US Naval Blockade,2,0.5,1,1,
2026-05-12,reddit,gas prices energy,Need help with my 1999 Honda Civic Ex!,1,0.0,0,0,
2026-05-12,reddit,gas prices energy,BW Group is not a stock idea. It is how old maritime capital thinks.,1,0.25,0,1,
2026-05-12,reddit,gas prices energy,America faces another grocery-price shock. Higher energy costs will be felt unevenly across the food-supply chain,5,0.0,0,0,
2026-05-12,reddit,gas prices energy,Thinking about trading in my wagon for a Prius,13,0.25,0,1,
2026-05-12,reddit,gas prices energy,"Royal Jelly Honey for Men - Extra Strength Quality, Improved Formula, Herbal Superfood Mix - Raw &amp; Natural Energy &amp; Power Honey Packs, No Added Sugar - 24 Individual Packets, 10g,Price 37$,Usa,Dm me",1,0.0,0,0,
2026-05-12,reddit,gas prices energy,List of good match 3(or more) puzzle games I found,2,0.5,-1,1,
2026-05-12,reddit,gas prices energy,I’m so tired of the current state of our world. I’m fine with just getting joy from the little things now.,4,0.0,0,0,
2026-05-12,reddit,gas prices energy,Who knows what's going on with the CT Gas+ at Dundas and Arena?,1,0.25,0,1,
2026-05-12,reddit,gas prices energy,Need help with my 1999 Honda Civic Ex?,1,0.0,0,0,
2026-05-12,reddit,gas prices energy,(WTT) NY,1,0.0,0,0,
2026-05-12,reddit,gas prices energy,I had an MMC at 9w0d and had a positive experience with Misoprostol. TW: graphic details,4,0.5,1,1,
2026-05-12,reddit,gas prices energy,Who is accepting orders like this?,8,0.0,0,0,
2026-05-12,reddit,gas prices energy,Need help with my Manual 1999 Honda Civic Ex!,4,0.0,0,0,
2026-05-12,reddit,gas prices energy,"Streetwear Daily Rotation – Hoodies, Denim &amp; Everyday Accessories",1,0.0,0,0,
2026-05-12,reddit,gas prices energy,Which one of you made this meme?,1,0.0,0,0,
2026-05-12,reddit,gas prices energy,"[US, US] [H] Tokyo DX Box, Kanazawa Box, Charizard UPC, Japan Stamp Box, Celebrations ETB, 151 Bundle, Promo Blisters (Evolving Skies), Binder (All Eras), Recent Pulls, Flareon Play Promo, Cheap Lots! [W] PayPal (FF Preferred)",16,0.0,0,0,
2026-05-12,mastodon,#oil,Saxafi: # Turkey ’s # oil expansion in # Somalia & # Israel ’s growing partnership with # Somaliland are reshaping the balance of power in the # RedSea # corridor . Analysts warn the emerging rivalry could deepen instabi,0,0.25,0,1,https://mastodon.social/@Saxafi/116559069532381083
2026-05-11,mastodon,#oil,kevinrns@mstdn.social: @ rpardee Exxon and SHELL doubling their profits from Trump's trumped up war of economic chaos? https://www. forbes.com/sites/alisondurkee/ 2026/03/05/these-companies-stand-to-benefit-from-trumps-i,0,0.25,0,1,https://mstdn.social/@kevinrns/116558547160803864
2026-05-11,mastodon,#oil,bocvip@vive.im: Who Blew Up the Pipeline # coverup # geopolitics # shorts https://www. bocvip.com/1342697/who-blew-up -the-pipeline-coverup-geopolitics-shorts/ # # 3DAnimation # documentary # gas # geopolitics # history ,3,0.0,0,0,https://vive.im/@bocvip/116558506445663464
2026-05-11,mastodon,#oil,"bocvip@vive.im: DAILY MEGATHREAD May 11, 2026 : US Blockade of the Strait of Hormuz is LIVE – All tanker drama, oil panic, missile hits, Iran retaliation posts belong HERE https://www. bocvip.com/1342694/daily-megat hrea",0,0.5,1,1,https://vive.im/@bocvip/116558498574179747
2026-05-11,mastodon,#oil,"thejapantimes: U.S. President Donald Trump said on Monday that a ceasefire with Iran was ""on life support"" after Tehran's response to a U.S. proposal to end the war made clear the two sides were still far apart on a numb",2,0.5,0,1,https://mastodon.social/@thejapantimes/116558490548653254
2026-05-11,mastodon,#oil,bocvip@vive.im: Gold Premiums Are About to Shock You # silver # market # precious metals https://www. bocvip.com/1342601/gold-premiu ms-are-about-to-shock-you-silver-market-precious-metals/ # gas # GoldInvestingStrategy ,0,0.0,0,0,https://vive.im/@bocvip/116558199711616778
2026-05-11,mastodon,#oil,aj@gts.sadauskas.id.au: Here's how Shell shifts billions in profits from its Australian oil and gas business through a shell company in Singapore: https://www.youtube.com/watch?v=0mV_1J69Bno # Auspol # oil # gas,11,0.0,0,0,https://gts.sadauskas.id.au/@aj/statuses/01KRCEQ2216KK8PHE2D657BDBR
2026-05-11,mastodon,#oil,"bocvip@vive.im: Gold to US$20,000 long term, silver to US$1,000 https://www. bocvip.com/1342507/gold-to-us2 0000-long-term-silver-to-us1000/ # ContrarianMacroAdvisors # DavidHunter # gas # gold # GoldPrice # investing # ",1,0.0,0,0,https://vive.im/@bocvip/116557893107004274
2026-05-11,mastodon,#oil,bocvip@vive.im: Anyone know why USO was so low back in the late 2000’s and early 2010’s? https://www. bocvip.com/1342502/anyone-know -why-uso-was-so-low-back-in-the-late-2000s-and-early-2010s/ # gas # oil # OilAndGas,0,0.0,0,0,https://vive.im/@bocvip/116557885208671920
2026-05-11,mastodon,#oil,"HamonWry@mastodon.world: Ever since Trump and his regime took over, every single day feels like a month of Mondays. And the only way to end that feeling is to vote them out again starting with the # Midterms # Monday # e",46,0.25,0,1,https://mastodon.world/@HamonWry/116557825853079782
2026-05-11,mastodon,#oil,bocvip@vive.im: Australia Oil And iron https://www. bocvip.com/1342461/australia-o il-and-iron/ # gas # oil # OilAndGas,0,0.0,0,0,https://vive.im/@bocvip/116557731814928026
2026-05-11,mastodon,#oil,"andybrwn@sfba.social: Oil rig off Southern California coast catches fire, dozens of workers evacuated, officials say - Los Angeles Times https://www. latimes.com/california/story/2 026-05-11/oil-platform-fire-california ",0,0.0,0,0,https://sfba.social/@andybrwn/116557730444091957
2026-05-11,mastodon,#oil,bocvip@vive.im: Ghana Big Mines: Should international investors worry about local takeovers? | Big Analysis https://www. bocvip.com/1342419/ghana-big-m ines-should-international-investors-worry-about-local-takeovers-big-,2,0.0,0,0,https://vive.im/@bocvip/116557586353083393
2026-05-11,mastodon,#oil,geoworldpolitical: The Hormuz Math: Why the Strait Can't Be Reopened Fast Every Hormuz crisis produces headlines about $200 oil. But Germany's defense minister just said what the Pentagon has been quietly hoping nobody w,2,0.5,0,1,https://mastodon.social/@geoworldpolitical/116557564292420592
2026-05-11,mastodon,#oil,"steter@mastodon.stevesworld.co: ""Russia, Russia, Russia,"" Texas and Alberta have filthy crude to sell to their stooges in American government. Our people are ignorant, knuckle-dragging cultists who don't care that they a",1,0.0,0,1,https://mastodon.stevesworld.co/@steter/116557544789872875
2026-05-11,mastodon,#oil,"MParsec@ruhr.social: Ich mache eine # Vorhersage ,der große Fehler der # Russland in 10 Jahren gemacht haben wird,ist die zerstörte # Öl # Infrastruktur wieder aufgebaut zu haben. I’m going to make a # prediction : the b",0,0.0,0,1,https://ruhr.social/@MParsec/116557511299130915
2026-05-11,mastodon,#oil,bocvip@vive.im: Oil prices climb after Trump rejects Iran proposal https://www. bocvip.com/1342364/oil-prices- climb-after-trump-rejects-iran-proposal/ # gas # Mining # oil # OilPrices,0,0.0,0,1,https://vive.im/@bocvip/116557433031745501
2026-05-11,mastodon,#oil,bocvip@vive.im: Saudi Aramco warns fuel stocks heading for ‘critically low levels’ https://www. bocvip.com/1342358/saudi-aramc o-warns-fuel-stocks-heading-for-critically-low-levels/ # gas # oil # OilAndGas,0,0.25,0,1,https://vive.im/@bocvip/116557425170094289
2026-05-11,mastodon,#oil,bocvip@vive.im: Trump says he aims to suspend gas tax “for a period of time” https://www. bocvip.com/1342300/trump-says- he-aims-to-suspend-gas-tax-for-a-period-of-time/ # gas # oil # OilAndGas,0,0.0,0,0,https://vive.im/@bocvip/116557271945133908
2026-05-11,mastodon,#oil,"bocvip@vive.im: Sask. no longer aiming for real time ER updates | CTV News Saskatchewan Your Morning for May 1, 2026 https://www. bocvip.com/1342264/sask-no-lon ger-aiming-for-real-time-er-updates-ctv-news-saskatchewan-y",1,0.0,0,0,https://vive.im/@bocvip/116557126225686216
2026-05-11,mastodon,#crudeoil,"globalnews.ca@web.brid.gy: Oil prices rise, U.S. stocks hang near their records as Iran war goes on https:// fed.brid.gy/r/https://globalne ws.ca/news/11844093/oil-prices-us-stocks-iran-war/",3,0.25,0,1,https://fed.brid.gy/r/https://globalnews.ca/news/11844093/oil-prices-us-stocks-iran-war/
2026-05-11,mastodon,#crudeoil,news@wakoka.com: https://www. wacoca.com/news/2835154/ ホルムズ海峡が閉鎖続く限り、市場は「緊張状態」が続く―ドイツ銀行が警告 – Benzinga Japan # BenjaminNetanyahu # CrudeOil # DonaldTrump # Germany # Iran # StraitOfHormuz # ドイツ,1,0.25,0,1,https://wakoka.com/@news/116556603406869671
2026-05-11,mastodon,#crudeoil,"Mathrubhumi_English: The Centre said India has 60 days of crude oil and natural gas reserves and 45 days of LPG rolling stock amid the West Asia crisis, assuring citizens there is no fuel shortage. https:// english.mathr",0,0.5,1,0,https://mastodon.social/@Mathrubhumi_English/116555758964977642
2026-05-10,mastodon,#crudeoil,br00t4c.bsky.social@bsky.brid.gy: 'Epic insider trading': nearly $1 billion in crude oil shorts taken just before report of US-Iran peace deal #MTG #EconomicInequality #OilPrices #CrudeOil #USIranDeal therealnews.com/epi,0,0.0,0,1,https://fed.brid.gy/r/https://bsky.app/profile/did:plc:3c5jgoau5nb42r6ecka4pmpw/post/3mljmhjxsrk2g
2026-05-06,mastodon,#crudeoil,creativecrystalawards: Our optical crystal oil drum figurine award can be a wonderful recognition award for the employees in the global oil & gas companies. https:// tinyurl.com/crystal-oil-barrel -award # oilbarrel # ba,1,0.25,0,1,https://mastodon.social/@creativecrystalawards/116528264677876434
2026-05-05,mastodon,#crudeoil,Mathrubhumi_English: Rupee hits a new historic low! The currency settled at 95.25 against the USD today as geopolitical clashes in the Gulf and high oil prices weigh heavy on the markets. Here is what's driving the slump,2,0.0,0,0,https://mastodon.social/@Mathrubhumi_English/116522178087043122
2026-05-11,mastodon,#opec,"Iwpost: After the oil shortage, the prospect of an oil surplus. # AsiaTimes # Block1 # ChinaIran # Energy # HormuzStrait # Iranwar2026 # OPEC # Trade # TrumpXisummit # UnitedArabEmirates https:// iwpost.com/after-the-oil",1,0.75,1,1,https://mastodon.social/@Iwpost/116557581846651146
2026-05-11,mastodon,#opec,simonshen_glos_mirror@mastodon.hongkongers.net: 酋長大棋局：阿聯酋與沙特反目退出OPEC，五大影響和七個算盤｜能源局 005｜🇦🇪🛢️ https://www. youtube.com/watch?v=MpegId_GtV4,0,0.0,0,0,https://mastodon.hongkongers.net/@simonshen_glos_mirror/116553234570998687
2026-05-10,mastodon,#opec,peacelink@sociale.network: https://www. notiziegeopolitiche.net/eau-of fensiva-sullenergia-abu-dhabi-rompe-con-lopec-e-investe-miliardi-nel-gas-usa/ Abu Dhabi punta a liberarsi dai vincoli del cartello petrolifero per au,1,0.0,0,0,https://sociale.network/@peacelink/116549096011517640
2026-05-09,mastodon,#opec,zougla: # OPEC # αποχώρηση Η αποχώρηση των ΗΑΕ από τον OPEC ΚΑΙ ΤΟΝ OPEC+ https://www. zougla.gr/apopseis/i-apochoris i-ton-iae-apo-ton-opec-kai-ton-opec/?utm_source=dlvr.it&utm_medium=mastodon,0,0.0,0,0,https://mastodon.social/@zougla/116546097395386008
2026-05-08,mastodon,#opec,kensbookinfo: Inside # SaudiArabia ’s first women’s flag football team - https:// kensbookinfo.blogspot.com/p/ir eland.html#Evoke # Motorway reopens both directions after man dies - https:// kensbookinfo.blogspot.com/p/w,0,0.0,0,0,https://mastodon.social/@kensbookinfo/116540866229676240
2026-05-08,mastodon,#opec,"leaderscartel: 🔴 BREAKING: Trump's military posture in the Gulf is splintering traditional energy alliances. As US-Iran tensions escalate, Saudi Arabia and the UAE are charting divergent paths—fracturing OPEC unity and r",3,0.25,0,1,https://mastodon.social/@leaderscartel/116539313370271194
2026-05-07,mastodon,#opec,africa@journa.host: Oil Market: Africa facing new turbulence [Business Africa] http:// newsfeed.facilit8.network/TSQS wy # OilMarket # OPEC # AfricaEconomy # EnergyNews # OilProduction,0,0.0,0,0,https://journa.host/@africa/116533577871063335
2026-05-07,mastodon,#opec,"ScottLucas@journa.host: RE: https:// journa.host/@ScottLucas/116527 870660523192 56-minute deep dive *Unstable global situation, including # UAE leaving # OPEC and # Trump 's ill-fated # IranWar *Realignments --- # China",0,0.25,0,1,https://journa.host/@ScottLucas/116532140840836857
2026-05-06,mastodon,#opec,tinjar.bsky.social@bsky.brid.gy: www.nytimes.com/2026/05/06/o... Jason Bordoff is ill - he is defending #OPEC for protecting #oil #prices so that the #US could drill more. #NYT is publishing this on the same day David Wa,1,0.0,-1,0,https://fed.brid.gy/r/https://bsky.app/profile/did:plc:npmlkxztzkcjt6x4cdggyflg/post/3ml7utofsms26
2026-05-06,mastodon,#opec,"TinJar: https://www. nytimes.com/2026/05/06/opinion /opec-oil-markets-trump.html Jason Bordoff is ill - literally, he is defending # OPEC for protecting # oil # prices so that the # US could drill more. # NYT is publishi",2,0.0,1,0,https://mastodon.social/@TinJar/116530266459021394
2026-05-06,mastodon,#opec,kensbookinfo: # Hospitals failed to triage Charles Amissah despite - https:// kensbookinfo.blogspot.com/p/ir eland.html#DonegalDaily Rising summer camp costs in # NorthCarolina create challenges - https:// kensbookinfo.b,1,0.25,0,1,https://mastodon.social/@kensbookinfo/116529215856766838
2026-05-06,mastodon,#opec,"rtlnieuws: 𝗢𝗹𝗶𝗲𝗸𝗮𝗿𝘁𝗲𝗹 𝗢𝗣𝗘𝗖 𝗽𝗿𝗼𝗱𝘂𝗰𝗲𝗲𝗿𝘁 𝗺𝗶𝗻𝘀𝘁𝗲 𝗼𝗹𝗶𝗲 𝗶𝗻 36 𝗷𝗮𝗮𝗿, 𝘀𝘁𝗲𝗿𝗸𝘀𝘁𝗲 𝗱𝗮𝗹𝗶𝗻𝗴 𝗶𝗻 𝗞𝗼𝗲𝘄𝗲𝗶𝘁 𝗲𝗻 𝗜𝗿𝗮𝗻 De productie van oliekartel OPEC is vorige maand gedaald tot het laagste niveau in 36 jaar. De oorlog in het Midden-Oosten ",0,0.0,0,0,https://mastodon.social/@rtlnieuws/116529205139631448
2026-05-06,mastodon,#opec,bocvip@vive.im: The OPEC break that could shake oil prices | The Take https://www. bocvip.com/1333502/the-opec-br eak-that-could-shake-oil-prices-the-take/ # ajepodcasts # AlJazeera # AlJazeeraEnglish # AlJazeeraLive # A,1,0.25,0,1,https://vive.im/@bocvip/116524917958500088
2026-05-05,mastodon,#opec,joepbertrams: Adieu vrienden # UAE # OPEC # lek cartoon voor @ DeGroene,0,0.0,0,0,https://mastodon.social/@joepbertrams/116522557216496650
2026-05-12,mastodon,#energy,bocvip@vive.im: Aramco Q1 Earnings: Why the Profit Beat Hides a Pipeline Ceiling https://www. bocvip.com/1342864/aramco-q1-e arnings-why-the-profit-beat-hides-a-pipeline-ceiling/ # energy,1,0.0,0,0,https://vive.im/@bocvip/116559108158316834
2026-05-12,mastodon,#energy,bocvip@vive.im: Initiating coverage on a C$1B revenue TSX energy company that two analysts follow. Earnings tomorrow. Here’s the setup. https://www. bocvip.com/1342827/initiating- coverage-on-a-c1b-revenue-tsx-energy-com,1,0.0,0,0,https://vive.im/@bocvip/116558954834394928
2026-05-12,mastodon,#energy,bocvip@vive.im: The blank slate grid – Discussion https://www. bocvip.com/1342785/the-blank-s late-grid-discussion/ # energy,1,0.0,0,0,https://vive.im/@bocvip/116558801350072162
2026-05-12,mastodon,#energy,"glcanada_mirror@mastodon.hongkongers.net: Majority of Canadians say energy policy should focus on economic growth: poll About half the population maintains the government is doing too little, with 50 per cent of responde",0,0.0,0,0,https://mastodon.hongkongers.net/@glcanada_mirror/116558704062541987
2026-05-11,mastodon,#energy,bocvip@vive.im: Ethanol Gasoline Push Faces Key US Vote With Outcome Uncertain (E15 year round) https://www. bocvip.com/1342741/ethanol-gas oline-push-faces-key-us-vote-with-outcome-uncertain-e15-year-round/ # energy,1,0.0,0,0,https://vive.im/@bocvip/116558648101210777
2026-05-11,mastodon,#energy,globalnews.ca@web.brid.gy: Majority of Canadians say energy policy should focus on economic growth: poll https:// fed.brid.gy/r/https://globalne ws.ca/news/11844390/canada-energy-policy-economic-growth/,3,0.0,0,0,https://fed.brid.gy/r/https://globalnews.ca/news/11844390/canada-energy-policy-economic-growth/
2026-05-11,mastodon,#energy,"gllethbridge_mirror@mastodon.hongkongers.net: Majority of Canadians say energy policy should focus on economic growth: poll About half the population maintains the government is doing too little, with 50 per cent of resp",0,0.0,0,0,https://mastodon.hongkongers.net/@gllethbridge_mirror/116558554585827517
2026-05-11,mastodon,#energy,"glnews_mirror@mastodon.hongkongers.net: Majority of Canadians say energy policy should focus on economic growth: poll About half the population maintains the government is doing too little, with 50 per cent of respondent",0,0.0,0,0,https://mastodon.hongkongers.net/@glnews_mirror/116558545974888998
2026-05-11,mastodon,#energy,worldbrieflynews: European energy prices face further increases as the last Gulf oil and gas tankers arrive before regional conflict impacts supply chains. https:// worldbriefly.news/european-ene rgy-prices-set-to-climb-,0,0.0,0,0,https://mastodon.social/@worldbrieflynews/116558525479656145
2026-05-11,mastodon,#energy,rpardee@hachyderm.io: Tired: Repealing fed/state/local fuel taxes. Wired: Taxing excess oil company profits. # energy # uspol,9,0.0,0,0,https://hachyderm.io/@rpardee/116558519205258429
2026-05-11,mastodon,#energy,bocvip@vive.im: America’s load growth moment is a chance to scale distributed energy https://www. bocvip.com/1342692/americas-lo ad-growth-moment-is-a-chance-to-scale-distributed-energy/ # energy,1,0.0,0,0,https://vive.im/@bocvip/116558494719017122
2026-05-11,mastodon,#energy,"glnational_mirror@mastodon.hongkongers.net: Majority of Canadians say energy policy should focus on economic growth: poll About half the population maintains the government is doing too little, with 50 per cent of respon",0,0.0,0,0,https://mastodon.hongkongers.net/@glnational_mirror/116558483029761283
2026-05-11,mastodon,#energy,"ai6yr@m.ai6yr.org: AP: Trump administration cancels rule that made conservation a ‘use’ of public lands ""...The federal government’s vast land holdings are concentrated in Western states including Alaska, California, Nev",37,0.0,0,0,https://m.ai6yr.org/@ai6yr/116558465211282586
2026-05-11,mastodon,#energy,"glpolitics_mirror@mastodon.hongkongers.net: Majority of Canadians say energy policy should focus on economic growth: poll About half the population maintains the government is doing too little, with 50 per cent of respon",0,0.0,0,0,https://mastodon.hongkongers.net/@glpolitics_mirror/116558459524008105
2026-05-11,mastodon,#energy,"gledmonton_mirror@mastodon.hongkongers.net: Majority of Canadians say energy policy should focus on economic growth: poll About half the population maintains the government is doing too little, with 50 per cent of respon",0,0.0,0,0,https://mastodon.hongkongers.net/@gledmonton_mirror/116558452302346394
2026-05-11,mastodon,#energy,"glcalgary_mirror@mastodon.hongkongers.net: Majority of Canadians say energy policy should focus on economic growth: poll About half the population maintains the government is doing too little, with 50 per cent of respond",0,0.0,0,0,https://mastodon.hongkongers.net/@glcalgary_mirror/116558443677923444
2026-05-11,mastodon,#energy,EarthOrgUK@mastodon.energy: 102gCO2/kWh National Grid CO2 intensity is LOW wrt last 24h so you can run your wash etc now! https://www. earth.org.uk/GBGI # green # energy # CO2,2,0.0,0,0,https://mastodon.energy/@EarthOrgUK/116558349503399327
2026-05-11,mastodon,#energy,"bibliolater@vivaldi.net: 🇪🇸 🇪🇸 🇪🇸 Spain just became one of Europe's cheapest power markets. Here is how. ""How wind and solar quietly pushed gas off the margin, and the wholesale price followed."" 🔗 https:// janrosenow.sub",1,0.0,0,0,https://social.vivaldi.net/@bibliolater/116558265790713874
2026-05-11,mastodon,#energy,steter@mastodon.stevesworld.co: Chaos and fear are hallmarks of a Trump shakedown. He destroys what you need or love to compel you to beg him to stop. Who forced an end to offshore wind farms already under development? S,3,0.25,0,0,https://mastodon.stevesworld.co/@steter/116558259513475984
2026-05-11,mastodon,#energy,Charuroopa: Do we open a way for real knowledge with Guruji's guidance? # weekendclass # onlineclasses # tantra # guru # teacher # yoga # sadhana # yogasadhana # meditation # bala # protection # chakra # energy # bindu #,2,0.25,0,1,https://mastodon.social/@Charuroopa/116558182054328235
2026-05-11,mastodon,#gasprices,whatyoumissed@mastodon.vtip.me: Garrett Downs reports: Is the economy shifting? Voters are souring on President Trump’s economy ahead of 2026 midterms as gas prices soar amid the Iran war. Republicans scramble to suspend,0,0.25,0,1,https://mastodon.vtip.me/@whatyoumissed/116557483509037033
2026-05-11,mastodon,#gasprices,"whatyoumissed@mastodon.vtip.me: Garrett Downs reports: Gas prices soaring, voters are rethinking Trump's economic record! Amid the Iran conflict, only 25% approve of President Trump's handling of inflation, leading him a",0,0.25,0,1,https://mastodon.vtip.me/@whatyoumissed/116557480911936153
2026-05-11,mastodon,#gasprices,"tda@social.thedemocracyadvocate.com: ⛽ Trump’s gas tax suspension talk may sound like relief, but here’s the bottom line: suspending 18.4 cents per gallon means little when broader Iran-linked instability, oil volatility",0,0.0,0,1,https://social.thedemocracyadvocate.com/notes/am53kbeyim
2026-05-11,mastodon,#gasprices,Mathrubhumi_English: US President Donald Trump has announced plans to suspend the federal gasoline tax to ease rising fuel prices driven by the Iran conflict https:// english.mathrubhumi.com/news/w orld/us-trump-gas-tax-,0,0.25,0,1,https://mastodon.social/@Mathrubhumi_English/116557278171119602
2026-05-11,mastodon,#gasprices,The_Whore_of_Blahbylon: I'm waiting. # TrumpEconomy # StraitOfHormuz # IranWar # GasPrices # Trump,29,0.5,0,1,https://mastodon.social/@The_Whore_of_Blahbylon/116556985826042524
2026-05-11,mastodon,#gasprices,"cbcworld_mirror@mastodon.hongkongers.net: U.S. hybrid-car sales soar, along with gas prices Hybrid ales up 37 per cent since ​Iran conflict, while EV sales lag, unlike strong gains in Europe. Pick-up truck sales remain s",0,0.0,0,1,https://mastodon.hongkongers.net/@cbcworld_mirror/116556162872121333
2026-05-11,mastodon,#gasprices,"cbcwindsor_mirror@mastodon.hongkongers.net: U.S. hybrid-car sales soar, along with gas prices Hybrid ales up 37 per cent since ​Iran conflict, while EV sales lag, unlike strong gains in Europe. Pick-up truck sales remain",0,0.0,0,1,https://mastodon.hongkongers.net/@cbcwindsor_mirror/116556064731574924
2026-05-11,mastodon,#gasprices,"Big_Blue_Gnu: Where are those ""I did that"" stickers at gas stations in my home state of Texas now? # DonaldTrump # foreignPolicy # gasPrices # interventionism # IranWar # oilPrices # Texas # TrumpAdministration # warOfCh",1,0.25,0,1,https://mastodon.social/@Big_Blue_Gnu/116554226639528869
2026-05-11,mastodon,#gasprices,"cbcns_mirror@mastodon.hongkongers.net: As gas prices hover below $2 per litre, N.S. drivers feel the burn Price of gasoline hasn't crossed $2 per litre since Russia's invasion of Ukraine, when it peaked at $2.18 in June ",1,0.0,0,1,https://mastodon.hongkongers.net/@cbcns_mirror/116553485149187745
2026-05-11,mastodon,#gasprices,"cbcnf_mirror@mastodon.hongkongers.net: The weekend is here — and so is some relief at the pumps It isn't just gas prices, almost all fuel prices have taken a dip, after the Public Utilities Board released its daily updat",0,0.0,0,0,https://mastodon.hongkongers.net/@cbcnf_mirror/116553248054740103
2026-05-10,mastodon,#gasprices,"whatyoumissed@mastodon.vtip.me: CNBC asks: Is the Iran war reigniting? Netanyahu says it's ""not over,"" while President Trump rejects a peace offer. These actions pose major obstacles to a nuclear deal and reopening the S",0,0.5,0,1,https://mastodon.vtip.me/@whatyoumissed/116552172750701075
2026-05-10,mastodon,#gasprices,nyt_politics@robot.villas: Energy secretary floats pause in federal gas tax https://www.nytimes.com/live/2026/05/10/us/trump-news/energy-secretary-floats-pause-in-federal-gas-tax # Politics # Economy # GasPrices,1,0.0,0,0,https://www.nytimes.com/live/2026/05/10/us/trump-news/energy-secretary-floats-pause-in-federal-gas-tax
2026-05-11,lemmy,crude oil,[Opinion] Hormuz closure extends well beyond oil to threaten Chinese EVs,4,1.0,1,1,https://scribe.disroot.org/post/8865588
2026-05-11,lemmy,crude oil,"Iran war effect: Why is Modi asking Indians to avoid foreign trips, gold?",2,0.5,0,1,https://hilariouschaos.com/post/10772097
2026-05-11,lemmy,crude oil,"The Original 1940s Turbo Encabulator, in all its glory",5,0.0,0,0,https://sh.itjust.works/post/59957758
2026-05-09,lemmy,crude oil,Iraq announces huge oil find near Saudi border as Hormuz crisis bites,1,0.5,0,1,https://hilariouschaos.com/post/10730823
2026-05-08,lemmy,crude oil,Trump is trying to kill a carbon tax on global shipping. He may not succeed.,4,0.25,-1,1,https://news.abolish.capital/post/48144
2026-05-07,lemmy,crude oil,War and Energy Shortages Boost China’s Influence in Asia,2,0.75,1,1,https://lemmy.zip/post/63920471
2026-05-07,lemmy,crude oil,"Crude oil and wood fires fuel Nigeria’s soot pollution, in photos",1,0.0,0,0,https://news.abolish.capital/post/47953
2026-05-07,lemmy,crude oil,'You Have Unleashed Chaos': Dems Push Trump to Come Clean on Scale of Economic Destruction From Iran War,14,1.0,1,1,https://news.abolish.capital/post/47784
2026-05-07,lemmy,crude oil,‘Epic insider trading’: nearly $1 billion in crude oil shorts taken just before report of US-Iran peace deal,19,1.0,-1,1,https://news.abolish.capital/post/47781
2026-05-07,lemmy,crude oil,"Oil Price Today (May 7): Crude oil reclaims $100, snaps two-day losing streak. Here’s why",2,0.0,0,0,https://lemmy.wtf/post/42198488
2026-05-11,lemmy,oil prices,"Oil prices rise, U.S. stocks hang near their records as Iran war goes on",2,0.25,0,1,https://lemmings.world/post/45506354
2026-05-11,lemmy,oil prices,"Live Updates: Iran vows to fight on as Trump says ceasefire is ""on life support""",3,0.25,0,1,https://hilariouschaos.com/post/10774586
2026-05-11,lemmy,oil prices,Iran War Live Updates: Iran Lists Demands That Trump Deemed ‘Unacceptable’,1,0.75,0,1,https://hilariouschaos.com/post/10768218
2026-05-11,lemmy,oil prices,Iran says US making ‘unreasonable’ demands in negotiations to end war,1,0.75,1,1,https://hilariouschaos.com/post/10767905
2026-05-11,lemmy,oil prices,Iran war day 73: Trump and Tehran clash over latest peace proposals,3,0.25,0,1,https://hilariouschaos.com/post/10766388
2026-05-11,lemmy,oil prices,Iran-US war latest: Oil prices jump after Trump says Tehran’s response to peace plan is ‘totally unacceptable’,3,0.25,0,1,https://lemmings.world/post/45481469
2026-05-11,lemmy,oil prices,Oil jumps 4% after Trump rejects Iran’s response to ceasefire proposal,3,0.25,1,1,https://hilariouschaos.com/post/10764168
2026-05-10,lemmy,oil prices,Can Asian economies cope with the fallout from the Iran war?,1,0.5,-1,1,https://hilariouschaos.com/post/10749276
2026-05-09,lemmy,oil prices,Many Russians in No Mood for Celebration on Kremlin’s Biggest Day of the Year,2,0.5,0,1,https://hilariouschaos.com/post/10730556
2026-05-09,lemmy,oil prices,Higher oil prices to come as reserves fall at record pace,18,0.0,-1,0,https://lemmy.ml/post/47087472
2026-05-05,lemmy,OPEC oil,Why the US pressured the UAE to leave OPEC | Geopolitical Economy Report,1,0.25,0,0,https://news.abolish.capital/post/47274
2026-05-11,lemmy,Strait of Hormuz oil,Iran Reveals Demands That Triggered Trump’s Rage Post,121,1.0,1,1,https://sh.itjust.works/post/59996682
2026-05-09,lemmy,Strait of Hormuz oil,"Long Overlooked, Caspian Sea Provides Strategic Trade Route for Iran",10,0.25,0,1,https://lemmy.ml/post/47097602
2026-05-08,lemmy,Strait of Hormuz oil,Iran Forces US Destroyers Retreat Following Attack on Iranian Tanker,6,1.0,1,1,https://news.abolish.capital/post/48251
2026-05-08,lemmy,Strait of Hormuz oil,Iranian forces strike US vessels in swift retaliation for tanker attack: Top military comm,16,1.0,0,1,https://kbin.earth/m/usa@lemmy.ml/t/2643368
2026-05-07,lemmy,Strait of Hormuz oil,Iran and U.S. exchange fire in Strait of Hormuz,60,1.0,1,1,https://lemy.lol/post/65237216
2026-05-07,lemmy,Strait of Hormuz oil,China and Russia are the world's sole nuclear superpowers,2,1.0,-1,1,https://news.abolish.capital/post/47986
2026-05-11,lemmy,Russia oil sanctions,"Who is Gerhard Schroeder, Putin’s pick for Ukraine peace talks mediation?",1,0.5,0,1,https://hilariouschaos.com/post/10768463
2026-05-08,lemmy,Russia oil sanctions,Ukraine war briefing: Distant strike on Russian missile ship in Caspian Sea,21,1.0,0,1,https://lemy.lol/post/65248919
2026-05-07,lemmy,Russia oil sanctions,Iran FM Meets Chinese Counterpart Before Trump XI Meeting,2,0.75,0,1,https://news.abolish.capital/post/47946
2026-05-07,lemmy,Russia oil sanctions,How the Iran War Is Shifting Power Toward China,38,1.0,0,1,https://europe.pub/post/12050150
2026-05-07,lemmy,Russia oil sanctions,‘This Is a Lie’: Rubio Falsely Claims That There Is No US Blockade on Oil Entering Cuba,16,1.0,1,1,https://news.abolish.capital/post/47790
2026-05-06,lemmy,Russia oil sanctions,U.S. floats “wish list” to end Iran war; Israeli strikes kill eight in Lebanon; Republicans want $1 billion for East Wing,3,1.0,1,1,https://news.abolish.capital/post/47621
2026-05-05,lemmy,Russia oil sanctions,“Biological apocalypse” in Gaza; Clashes in the Strait of Hormuz; Dueling ceasefires declared by Russia and Ukraine,8,1.0,-1,1,https://news.abolish.capital/post/47318
2026-05-08,lemmy,gas prices energy,The Supreme Court Ends Multiracial Democracy as We Know It,5,1.0,1,1,https://news.abolish.capital/post/48169
2026-05-07,lemmy,gas prices energy,"Trump's Iran War Will Cost US Families $1,753 Extra at the Pump This Year: Analysis",6,0.5,-1,1,https://news.abolish.capital/post/48047
2026-05-07,lemmy,gas prices energy,"Haiti: Protesters Demand New Government Amid Widespread Protest, Increasing Energy Costs",1,0.5,0,1,https://news.abolish.capital/post/48008
2026-05-06,lemmy,gas prices energy,Bloody petrol pump stunt as Shell expects profit jump from war on Iran,17,1.0,1,1,https://news.abolish.capital/post/47664
2026-05-06,lemmy,gas prices energy,Local communities are living the consequences of political failure on climate and the environment – but will it show at the ballot box?,1,0.5,-1,1,https://news.abolish.capital/post/47540
2026-05-06,lemmy,gas prices energy,China’s Big Bet on Wind Power Is Paying Off,3,1.0,1,1,https://europe.pub/post/12014402
2026-05-06,lemmy,gas prices energy,‘Keystone Light’: These Wyoming oil tycoons are reviving the controversial pipeline,3,0.25,1,1,https://news.abolish.capital/post/47516
2026-05-10,hackernews,oil prices,"Oil-price bets ahead of Iran war news totalled $7B, reporting shows",53,0.25,0,1,https://www.reuters.com/sustainability/boards-policy-regulation/oil-price-bets-ahead-iran-war-news-totalled-7-billion-reporting-shows-2026-05-07/
2026-05-07,hackernews,oil prices,"Show HN: Daily AI-guessed odds of an Iran peace deal, vs. oil/gas prices",6,0.0,0,1,https://iranpeacedeal.com/
2026-05-05,hackernews,oil prices,The growing risk of a 'non-linear spike' in oil prices,3,0.25,1,0,https://www.ft.com/content/8ebecab1-552e-4e12-96cf-c36d738aeb2e
2026-05-05,hackernews,oil prices,"As Oil Prices Stay High, China Doubles Down on Wind Power",5,0.0,0,0,https://www.nytimes.com/2026/05/05/business/china-wind-turbines.html
2026-05-08,hackernews,Strait of Hormuz oil,The Long Journey from the Strait of Hormuz to the Gas Tank,6,0.25,0,1,https://www.nytimes.com/interactive/2026/05/07/world/middleeast/oil-tanker-strait-hormuz-iran-war.html
